STATE,STATEFIPS,COUNTYFIPS,FIPS,TO-WTotl,FAF
AL,1,1,01001,37.25,019
AL,1,3,01003,34.63,012
AL,1,5,01005,7.42,019
AL,1,7,01007,4.0,011
AL,1,9,01009,32.26,011
AL,1,11,01011,3.14,019
AL,1,13,01013,3.91,019
AL,1,15,01015,24.8,019
AL,1,17,01017,12.26,019
AL,1,19,01019,6.24,019
AL,1,21,01021,5.11,011
AL,1,23,01023,51.71,019
AL,1,25,01025,22.82,019
AL,1,27,01027,1.67,019
AL,1,29,01029,2.08,019
AL,1,31,01031,12.76,019
AL,1,33,01033,1346.03,019
AL,1,35,01035,2.49,019
AL,1,37,01037,0.65,019
AL,1,39,01039,28.92,019
AL,1,41,01041,2.31,019
AL,1,43,01043,41.49,011
AL,1,45,01045,8.52,019
AL,1,47,01047,53.8,019
AL,1,49,01049,18.08,019
AL,1,51,01051,6.14,019
AL,1,53,01053,42.74,019
AL,1,55,01055,270.51,019
AL,1,57,01057,2.85,019
AL,1,59,01059,4.81,019
AL,1,61,01061,3.69,019
AL,1,63,01063,360.93,019
AL,1,65,01065,6.01,019
AL,1,67,01067,4.66,019
AL,1,69,01069,129.93,019
AL,1,71,01071,1563.33,019
AL,1,73,01073,102.64,011
AL,1,75,01075,2.18,019
AL,1,77,01077,15.04,019
AL,1,79,01079,59.87,019
AL,1,81,01081,16.91,019
AL,1,83,01083,2120.52,019
AL,1,85,01085,2.43,019
AL,1,87,01087,4.78,019
AL,1,89,01089,53.78,019
AL,1,91,01091,23.4,019
AL,1,93,01093,5.57,019
AL,1,95,01095,19.28,019
AL,1,97,01097,1294.77,012
AL,1,99,01099,80.51,019
AL,1,101,01101,47.0,019
AL,1,103,01103,161.63,019
AL,1,105,01105,3.63,019
AL,1,107,01107,3.37,019
AL,1,109,01109,7.13,019
AL,1,111,01111,2.24,019
AL,1,113,01113,31.72,019
AL,1,115,01115,8.12,011
AL,1,117,01117,779.74,011
AL,1,119,01119,2.29,019
AL,1,121,01121,93.32,019
AL,1,123,01123,11.3,019
AL,1,125,01125,34.84,019
AL,1,127,01127,692.81,011
AL,1,129,01129,123.89,019
AL,1,131,01131,24.25,019
AL,1,133,01133,0.81,019
AK,2,13,02013,3.26,020
AK,2,16,02016,4.89,020
AK,2,20,02020,41.85,020
AK,2,50,02050,0.24,020
AK,2,60,02060,0.18,020
AK,2,68,02068,13.76,020
AK,2,70,02070,0.37,020
AK,2,90,02090,43.31,020
AK,2,100,02100,0.57,020
AK,2,110,02110,4.25,020
AK,2,122,02122,8.67,020
AK,2,130,02130,6.67,020
AK,2,150,02150,6.31,020
AK,2,164,02164,0.47,020
AK,2,170,02170,4.38,020
AK,2,180,02180,0.94,020
AK,2,185,02185,140.33,020
AK,2,188,02188,7.13,020
AK,2,201,02201,2.58,
AK,2,220,02220,1.3,020
AK,2,232,02232,1.28,
AK,2,240,02240,2.51,020
AK,2,261,02261,4.48,020
AK,2,270,02270,0.43,020
AK,2,280,02280,1.45,
AK,2,282,02282,0.27,020
AK,2,290,02290,3.17,020
AZ,4,1,04001,47.63,049
AZ,4,3,04003,233.27,049
AZ,4,5,04005,52.68,049
AZ,4,7,04007,14.78,049
AZ,4,9,04009,172.21,049
AZ,4,11,04011,33.34,049
AZ,4,12,04012,879.01,049
AZ,4,13,04013,2151.37,041
AZ,4,15,04015,153.66,049
AZ,4,17,04017,69.96,049
AZ,4,19,04019,300.38,042
AZ,4,21,04021,1052.44,041
AZ,4,23,04023,22.66,049
AZ,4,25,04025,82.4,049
AZ,4,27,04027,1463.36,049
AR,5,1,05001,1138.43,050
AR,5,3,05003,151.94,050
AR,5,5,05005,5.75,050
AR,5,7,05007,373.85,050
AR,5,9,05009,3.92,050
AR,5,11,05011,2.75,050
AR,5,13,05013,0.55,050
AR,5,15,05015,5.4,050
AR,5,17,05017,222.07,050
AR,5,19,05019,3.57,050
AR,5,21,05021,269.93,050
AR,5,23,05023,7.19,050
AR,5,25,05025,1.33,050
AR,5,27,05027,4.3,050
AR,5,29,05029,16.09,050
AR,5,31,05031,391.89,050
AR,5,33,05033,18.78,050
AR,5,35,05035,132.75,050
AR,5,37,05037,438.01,050
AR,5,39,05039,1.08,050
AR,5,41,05041,414.51,050
AR,5,43,05043,64.01,050
AR,5,45,05045,12.83,050
AR,5,47,05047,2.74,050
AR,5,49,05049,1.56,050
AR,5,51,05051,17.28,050
AR,5,53,05053,1.8,050
AR,5,55,05055,165.09,050
AR,5,57,05057,5.85,050
AR,5,59,05059,414.87,050
AR,5,61,05061,6.76,050
AR,5,63,05063,78.93,050
AR,5,65,05065,2.05,050
AR,5,67,05067,386.17,050
AR,5,69,05069,569.27,050
AR,5,71,05071,5.85,050
AR,5,73,05073,12.27,050
AR,5,75,05075,325.41,050
AR,5,77,05077,241.86,050
AR,5,79,05079,189.52,050
AR,5,81,05081,4.21,050
AR,5,83,05083,4.45,050
AR,5,85,05085,485.31,050
AR,5,87,05087,1.82,050
AR,5,89,05089,2.86,050
AR,5,91,05091,90.35,050
AR,5,93,05093,193.19,050
AR,5,95,05095,255.51,050
AR,5,97,05097,1.11,050
AR,5,99,05099,1.35,050
AR,5,101,05101,0.76,050
AR,5,103,05103,68.07,050
AR,5,105,05105,6.06,050
AR,5,107,05107,468.93,050
AR,5,109,05109,2.13,050
AR,5,111,05111,665.82,050
AR,5,113,05113,2.63,050
AR,5,115,05115,999.03,050
AR,5,117,05117,354.62,050
AR,5,119,05119,107.11,050
AR,5,121,05121,116.03,050
AR,5,123,05123,264.13,050
AR,5,125,05125,13.79,050
AR,5,127,05127,2.33,050
AR,5,129,05129,0.95,050
AR,5,131,05131,30.19,050
AR,5,133,05133,4.57,050
AR,5,135,05135,2.23,050
AR,5,137,05137,0.98,050
AR,5,139,05139,17.83,050
AR,5,141,05141,2.01,050
AR,5,143,05143,27.68,050
AR,5,145,05145,129.05,050
AR,5,147,05147,432.61,050
AR,5,149,05149,4.46,050
CA,6,1,06001,257.55,064
CA,6,3,06003,15.13,069
CA,6,5,06005,32.17,069
CA,6,7,06007,1077.98,069
CA,6,9,06009,17.24,069
CA,6,11,06011,913.57,069
CA,6,13,06013,1242.13,064
CA,6,15,06015,21.82,069
CA,6,17,06017,55.15,062
CA,6,19,06019,3744.99,069
CA,6,21,06021,683.75,069
CA,6,23,06023,152.83,069
CA,6,25,06025,2886.61,069
CA,6,27,06027,120.87,069
CA,6,29,06029,2884.94,069
CA,6,31,06031,1536.09,069
CA,6,33,06033,51.99,069
CA,6,35,06035,485.3,069
CA,6,37,06037,5364.88,061
CA,6,39,06039,993.38,069
CA,6,41,06041,44.48,064
CA,6,43,06043,6.43,069
CA,6,45,06045,56.63,069
CA,6,47,06047,1880.06,069
CA,6,49,06049,240.54,069
CA,6,51,06051,192.96,069
CA,6,53,06053,1781.73,069
CA,6,55,06055,81.07,064
CA,6,57,06057,48.31,062
CA,6,59,06059,723.42,061
CA,6,61,06061,189.0,062
CA,6,63,06063,55.31,069
CA,6,65,06065,1688.12,061
CA,6,67,06067,783.34,062
CA,6,69,06069,92.71,064
CA,6,71,06071,652.57,061
CA,6,73,06073,4393.87,063
CA,6,75,06075,252.94,064
CA,6,77,06077,1746.04,069
CA,6,79,06079,3110.71,069
CA,6,81,06081,102.86,064
CA,6,83,06083,426.82,069
CA,6,85,06085,342.4,064
CA,6,87,06087,78.28,064
CA,6,89,06089,433.5,069
CA,6,91,06091,44.43,069
CA,6,93,06093,561.72,069
CA,6,95,06095,517.72,064
CA,6,97,06097,159.3,064
CA,6,99,06099,1615.25,069
CA,6,101,06101,922.21,062
CA,6,103,06103,412.31,069
CA,6,105,06105,44.83,069
CA,6,107,06107,2409.09,069
CA,6,109,06109,32.76,069
CA,6,111,06111,1110.6,061
CA,6,113,06113,1028.1,062
CA,6,115,06115,372.12,062
CO,8,1,08001,133.59,081
CO,8,3,08003,224.83,089
CO,8,5,08005,111.99,081
CO,8,7,08007,66.61,089
CO,8,9,08009,111.58,089
CO,8,11,08011,324.5,089
CO,8,13,08013,182.02,081
CO,8,15,08015,72.16,089
CO,8,17,08017,32.58,089
CO,8,19,08019,1.81,081
CO,8,21,08021,254.02,089
CO,8,23,08023,100.32,089
CO,8,25,08025,97.95,089
CO,8,27,08027,49.3,089
CO,8,29,08029,678.54,089
CO,8,31,08031,159.17,081
CO,8,33,08033,54.64,089
CO,8,35,08035,43.34,081
CO,8,37,08037,140.59,089
CO,8,39,08039,18.39,081
CO,8,41,08041,138.49,089
CO,8,43,08043,160.42,089
CO,8,45,08045,420.8,089
CO,8,47,08047,0.63,081
CO,8,49,08049,110.39,089
CO,8,51,08051,241.94,089
CO,8,53,08053,9.71,089
CO,8,55,08055,68.16,089
CO,8,57,08057,322.82,089
CO,8,59,08059,144.14,081
CO,8,61,08061,28.75,089
CO,8,63,08063,186.44,089
CO,8,65,08065,41.02,089
CO,8,67,08067,220.61,089
CO,8,69,08069,272.04,089
CO,8,71,08071,121.73,089
CO,8,73,08073,20.22,089
CO,8,75,08075,309.31,089
CO,8,77,08077,1201.97,089
CO,8,79,08079,0.11,089
CO,8,81,08081,208.74,089
CO,8,83,08083,428.75,089
CO,8,85,08085,597.74,089
CO,8,87,08087,288.21,089
CO,8,89,08089,281.91,089
CO,8,91,08091,82.1,089
CO,8,93,08093,28.13,081
CO,8,95,08095,129.83,089
CO,8,97,08097,43.19,089
CO,8,99,08099,429.06,089
CO,8,101,08101,246.32,089
CO,8,103,08103,216.58,089
CO,8,105,08105,285.33,089
CO,8,107,08107,271.22,089
CO,8,109,08109,647.03,089
CO,8,111,08111,0.17,089
CO,8,113,08113,9.88,089
CO,8,115,08115,112.06,089
CO,8,117,08117,4.5,089
CO,8,119,08119,6.84,089
CO,8,121,08121,64.24,089
CO,8,123,08123,1064.17,081
CO,8,125,08125,321.13,089
CT,9,1,09001,,092
CT,9,3,09003,,091
CT,9,5,09005,,092
CT,9,7,09007,,091
CT,9,9,09009,,092
CT,9,11,09011,,099
CT,9,13,09013,,091
CT,9,15,09015,,091
DE,10,1,10001,29.62,100
DE,10,3,10003,819.74,100
DE,10,5,10005,473.27,100
DC,11,1,11001,9.87,111
FL,12,1,12001,58.1,129
FL,12,3,12003,7.5,121
FL,12,5,12005,322.87,129
FL,12,7,12007,4.65,129
FL,12,9,12009,1261.31,129
FL,12,11,12011,1813.66,122
FL,12,13,12013,6.13,129
FL,12,15,12015,63.93,129
FL,12,17,12017,425.19,129
FL,12,19,12019,33.59,121
FL,12,21,12021,229.91,129
FL,12,23,12023,13.75,129
FL,12,27,12027,133.38,129
FL,12,29,12029,3.29,129
FL,12,31,12031,814.49,121
FL,12,33,12033,313.77,129
FL,12,35,12035,27.88,123
FL,12,37,12037,2.25,129
FL,12,39,12039,15.61,129
FL,12,41,12041,15.89,129
FL,12,43,12043,74.63,129
FL,12,45,12045,4.43,129
FL,12,47,12047,41.7,129
FL,12,49,12049,91.15,129
FL,12,51,12051,511.9,129
FL,12,53,12053,50.45,124
FL,12,55,12055,174.26,129
FL,12,57,12057,3479.0,124
FL,12,59,12059,4.09,129
FL,12,61,12061,287.46,129
FL,12,63,12063,111.6,129
FL,12,65,12065,8.36,129
FL,12,67,12067,6.74,129
FL,12,69,12069,99.51,123
FL,12,71,12071,652.38,129
FL,12,73,12073,45.54,129
FL,12,75,12075,31.02,129
FL,12,77,12077,1.57,129
FL,12,79,12079,9.13,129
FL,12,81,12081,186.9,129
FL,12,83,12083,68.81,129
FL,12,85,12085,198.5,129
FL,12,86,12086,598.49,122
FL,12,87,12087,1.96,129
FL,12,89,12089,48.17,121
FL,12,91,12091,28.47,129
FL,12,93,12093,71.47,129
FL,12,95,12095,275.49,123
FL,12,97,12097,142.71,123
FL,12,99,12099,1711.61,122
FL,12,101,12101,2097.53,124
FL,12,103,12103,465.82,124
FL,12,105,12105,362.61,129
FL,12,107,12107,89.18,129
FL,12,109,12109,55.7,121
FL,12,111,12111,1757.69,129
FL,12,113,12113,30.72,129
FL,12,115,12115,46.4,129
FL,12,117,12117,90.21,123
FL,12,119,12119,44.39,123
FL,12,121,12121,127.71,129
FL,12,123,12123,49.81,129
FL,12,125,12125,2.54,129
FL,12,127,12127,234.69,123
FL,12,129,12129,33.17,129
FL,12,131,12131,12.22,129
FL,12,133,12133,4.1,129
GA,13,1,13001,63.7,139
GA,13,3,13003,6.55,139
GA,13,5,13005,5.85,139
GA,13,7,13007,41.85,139
GA,13,9,13009,8.77,139
GA,13,11,13011,2.1,139
GA,13,13,13013,7.54,131
GA,13,15,13015,66.03,131
GA,13,17,13017,11.23,139
GA,13,19,13019,15.26,139
GA,13,21,13021,154.71,139
GA,13,23,13023,16.13,139
GA,13,25,13025,1.75,139
GA,13,27,13027,6.38,139
GA,13,29,13029,2.84,132
GA,13,31,13031,15.48,139
GA,13,33,13033,98.07,139
GA,13,35,13035,3.82,131
GA,13,37,13037,34.53,139
GA,13,39,13039,49.23,139
GA,13,43,13043,6.37,139
GA,13,45,13045,12.1,131
GA,13,47,13047,10.67,139
GA,13,49,13049,1.48,139
GA,13,51,13051,213.7,132
GA,13,53,13053,9.66,139
GA,13,55,13055,11.54,139
GA,13,57,13057,20.39,131
GA,13,59,13059,19.41,139
GA,13,61,13061,5.85,139
GA,13,63,13063,26.53,131
GA,13,65,13065,1.86,139
GA,13,67,13067,466.78,131
GA,13,69,13069,21.26,139
GA,13,71,13071,45.91,139
GA,13,73,13073,17.27,139
GA,13,75,13075,12.04,139
GA,13,77,13077,560.37,131
GA,13,79,13079,6.06,139
GA,13,81,13081,17.41,139
GA,13,83,13083,2.64,139
GA,13,85,13085,2.3,131
GA,13,87,13087,62.66,139
GA,13,89,13089,91.67,131
GA,13,91,13091,15.89,139
GA,13,93,13093,26.43,139
GA,13,95,13095,222.15,139
GA,13,97,13097,12.14,131
GA,13,99,13099,157.08,139
GA,13,101,13101,6.59,139
GA,13,103,13103,149.3,132
GA,13,105,13105,3.21,139
GA,13,107,13107,5.86,139
GA,13,109,13109,4.37,139
GA,13,111,13111,2.12,139
GA,13,113,13113,17.19,131
GA,13,115,13115,585.89,139
GA,13,117,13117,18.97,131
GA,13,119,13119,3.8,139
GA,13,121,13121,170.75,131
GA,13,123,13123,6.95,139
GA,13,125,13125,0.36,139
GA,13,127,13127,146.05,139
GA,13,129,13129,16.47,139
GA,13,131,13131,19.63,139
GA,13,133,13133,13.27,139
GA,13,135,13135,93.54,131
GA,13,137,13137,7.58,139
GA,13,139,13139,25.2,131
GA,13,141,13141,1.15,139
GA,13,143,13143,3.73,131
GA,13,145,13145,6.5,139
GA,13,147,13147,4.38,139
GA,13,149,13149,73.53,131
GA,13,151,13151,13.51,131
GA,13,153,13153,27.93,139
GA,13,155,13155,12.73,139
GA,13,157,13157,7.08,139
GA,13,159,13159,2.92,131
GA,13,161,13161,6.51,139
GA,13,163,13163,27.03,139
GA,13,165,13165,6.85,139
GA,13,167,13167,3.01,139
GA,13,169,13169,2.68,139
GA,13,171,13171,6.7,131
GA,13,173,13173,2.74,139
GA,13,175,13175,32.32,139
GA,13,177,13177,34.76,139
GA,13,179,13179,14.98,132
GA,13,181,13181,1.19,139
GA,13,183,13183,0.97,132
GA,13,185,13185,32.95,139
GA,13,187,13187,3.87,139
GA,13,189,13189,5.46,139
GA,13,191,13191,1.18,139
GA,13,193,13193,31.56,139
GA,13,195,13195,3.02,139
GA,13,197,13197,3.52,139
GA,13,199,13199,5.99,131
GA,13,201,13201,34.01,139
GA,13,205,13205,77.69,139
GA,13,207,13207,125.77,139
GA,13,209,13209,2.65,139
GA,13,211,13211,2.65,139
GA,13,213,13213,4.93,139
GA,13,215,13215,45.62,139
GA,13,217,13217,12.79,131
GA,13,219,13219,3.13,139
GA,13,221,13221,1.81,139
GA,13,223,13223,4.32,131
GA,13,225,13225,13.25,139
GA,13,227,13227,3.22,131
GA,13,229,13229,8.27,139
GA,13,231,13231,2.14,131
GA,13,233,13233,8.77,131
GA,13,235,13235,16.93,139
GA,13,237,13237,988.4,139
GA,13,239,13239,0.35,139
GA,13,241,13241,4.17,139
GA,13,243,13243,9.17,139
GA,13,245,13245,125.52,139
GA,13,247,13247,2.38,131
GA,13,249,13249,0.86,139
GA,13,251,13251,25.45,139
GA,13,253,13253,70.58,139
GA,13,255,13255,11.24,131
GA,13,257,13257,3.79,139
GA,13,259,13259,3.2,139
GA,13,261,13261,42.38,139
GA,13,263,13263,2.64,139
GA,13,265,13265,0.23,139
GA,13,267,13267,8.41,139
GA,13,269,13269,9.44,139
GA,13,271,13271,6.15,139
GA,13,273,13273,22.05,139
GA,13,275,13275,20.71,139
GA,13,277,13277,27.88,139
GA,13,279,13279,14.34,139
GA,13,281,13281,1.19,139
GA,13,283,13283,1.6,139
GA,13,285,13285,13.11,131
GA,13,287,13287,16.73,139
GA,13,289,13289,19.66,139
GA,13,291,13291,1.5,139
GA,13,293,13293,10.29,131
GA,13,295,13295,14.51,139
GA,13,297,13297,9.05,131
GA,13,299,13299,9.83,139
GA,13,301,13301,2.5,139
GA,13,303,13303,26.07,139
GA,13,305,13305,64.55,139
GA,13,307,13307,3.9,139
GA,13,309,13309,4.95,139
GA,13,311,13311,4.42,139
GA,13,313,13313,65.7,139
GA,13,315,13315,23.07,139
GA,13,317,13317,2.56,139
GA,13,319,13319,28.29,139
GA,13,321,13321,42.43,139
HI,15,1,15001,,159
HI,15,3,15003,,151
HI,15,5,15005,,159
HI,15,7,15007,,159
HI,15,9,15009,,159
ID,16,1,16001,1193.24,160
ID,16,3,16003,85.38,160
ID,16,5,16005,402.52,160
ID,16,7,16007,107.77,160
ID,16,9,16009,3.46,160
ID,16,11,16011,1377.9,160
ID,16,13,16013,303.52,160
ID,16,15,16015,9.75,160
ID,16,17,16017,22.2,160
ID,16,19,16019,836.36,160
ID,16,21,16021,4.4,160
ID,16,23,16023,213.34,160
ID,16,25,16025,28.03,160
ID,16,27,16027,709.68,160
ID,16,29,16029,281.73,160
ID,16,31,16031,792.26,160
ID,16,33,16033,161.12,160
ID,16,35,16035,2.11,160
ID,16,37,16037,232.04,160
ID,16,39,16039,299.01,160
ID,16,41,16041,224.82,160
ID,16,43,16043,390.67,160
ID,16,45,16045,726.55,160
ID,16,47,16047,1413.93,160
ID,16,49,16049,19.29,160
ID,16,51,16051,1959.33,160
ID,16,53,16053,1681.33,160
ID,16,55,16055,57.28,160
ID,16,57,16057,8.25,160
ID,16,59,16059,285.47,160
ID,16,61,16061,1.53,160
ID,16,63,16063,388.71,160
ID,16,65,16065,802.45,160
ID,16,67,16067,752.38,160
ID,16,69,16069,187.65,160
ID,16,71,16071,141.32,160
ID,16,73,16073,424.72,160
ID,16,75,16075,246.0,160
ID,16,77,16077,340.89,160
ID,16,79,16079,4.92,160
ID,16,81,16081,167.84,160
ID,16,83,16083,1876.79,160
ID,16,85,16085,126.65,160
ID,16,87,16087,165.34,160
IL,17,1,17001,22.13,179
IL,17,3,17003,3.06,179
IL,17,5,17005,1.16,172
IL,17,7,17007,5.87,179
IL,17,9,17009,0.44,179
IL,17,11,17011,7.99,179
IL,17,13,17013,0.73,172
IL,17,15,17015,6.94,179
IL,17,17,17017,9.35,179
IL,17,19,17019,29.37,179
IL,17,21,17021,753.92,179
IL,17,23,17023,2.61,179
IL,17,25,17025,1.79,179
IL,17,27,17027,4.99,172
IL,17,29,17029,5.28,179
IL,17,31,17031,1738.41,171
IL,17,33,17033,85.99,179
IL,17,35,17035,1.22,179
IL,17,37,17037,11.1,171
IL,17,39,17039,630.7,179
IL,17,41,17041,1.27,179
IL,17,43,17043,12.74,171
IL,17,45,17045,2.94,179
IL,17,47,17047,0.5,179
IL,17,49,17049,4.86,179
IL,17,51,17051,2.59,179
IL,17,53,17053,2.94,179
IL,17,55,17055,14.71,179
IL,17,57,17057,237.07,179
IL,17,59,17059,12.76,179
IL,17,61,17061,2.41,179
IL,17,63,17063,978.84,171
IL,17,65,17065,0.63,179
IL,17,67,17067,3.5,179
IL,17,69,17069,0.4,179
IL,17,71,17071,12.55,179
IL,17,73,17073,9.2,179
IL,17,75,17075,5.22,179
IL,17,77,17077,116.89,179
IL,17,79,17079,528.72,179
IL,17,81,17081,1.56,179
IL,17,83,17083,2.27,172
IL,17,85,17085,7.09,179
IL,17,87,17087,2.1,179
IL,17,89,17089,55.18,171
IL,17,91,17091,23.02,171
IL,17,93,17093,5.8,171
IL,17,95,17095,2.4,179
IL,17,97,17097,751.85,171
IL,17,99,17099,78.16,179
IL,17,101,17101,2.31,179
IL,17,103,17103,9.79,179
IL,17,105,17105,7.07,179
IL,17,107,17107,5.13,179
IL,17,109,17109,3.88,179
IL,17,111,17111,35.09,171
IL,17,113,17113,13.37,179
IL,17,115,17115,41.67,179
IL,17,117,17117,6.12,172
IL,17,119,17119,646.75,172
IL,17,121,17121,5.83,179
IL,17,123,17123,5.77,179
IL,17,125,17125,122.81,179
IL,17,127,17127,564.93,179
IL,17,129,17129,1.21,179
IL,17,131,17131,3.66,179
IL,17,133,17133,2.59,172
IL,17,135,17135,442.19,179
IL,17,137,17137,202.44,179
IL,17,139,17139,1.55,179
IL,17,141,17141,59.15,179
IL,17,143,17143,379.05,179
IL,17,145,17145,1.51,179
IL,17,147,17147,3.53,179
IL,17,149,17149,3.62,179
IL,17,151,17151,0.17,179
IL,17,153,17153,0.97,179
IL,17,155,17155,179.77,179
IL,17,157,17157,37.37,179
IL,17,159,17159,2.11,179
IL,17,161,17161,1130.44,179
IL,17,163,17163,72.69,172
IL,17,165,17165,0.47,179
IL,17,167,17167,354.64,179
IL,17,169,17169,1.67,179
IL,17,171,17171,6.34,179
IL,17,173,17173,3.62,179
IL,17,175,17175,1.31,179
IL,17,177,17177,8.67,179
IL,17,179,17179,855.06,179
IL,17,181,17181,2.17,179
IL,17,183,17183,16.48,179
IL,17,185,17185,2.16,179
IL,17,187,17187,3.9,179
IL,17,189,17189,2.68,179
IL,17,191,17191,2.98,179
IL,17,193,17193,4.23,179
IL,17,195,17195,24.97,179
IL,17,197,17197,2094.54,171
IL,17,199,17199,108.75,179
IL,17,201,17201,39.58,179
IL,17,203,17203,12.55,179
IN,18,1,18001,7.31,189
IN,18,3,18003,54.18,189
IN,18,5,18005,19.28,182
IN,18,7,18007,0.88,189
IN,18,9,18009,2.65,189
IN,18,11,18011,4.55,182
IN,18,13,18013,0.31,182
IN,18,15,18015,6.88,189
IN,18,17,18017,32.55,189
IN,18,19,18019,24.92,189
IN,18,21,18021,1.19,189
IN,18,23,18023,6.39,189
IN,18,25,18025,6.3,189
IN,18,27,18027,7.04,189
IN,18,29,18029,859.82,189
IN,18,31,18031,4.25,189
IN,18,33,18033,11.58,189
IN,18,35,18035,17.67,189
IN,18,37,18037,6.96,189
IN,18,39,18039,35.37,189
IN,18,41,18041,3.77,189
IN,18,43,18043,336.93,189
IN,18,45,18045,4.22,189
IN,18,47,18047,4.05,189
IN,18,49,18049,6.65,189
IN,18,51,18051,47.05,189
IN,18,53,18053,13.52,189
IN,18,55,18055,4.68,189
IN,18,57,18057,128.86,182
IN,18,59,18059,6.37,182
IN,18,61,18061,3.32,189
IN,18,63,18063,9.85,182
IN,18,65,18065,8.09,182
IN,18,67,18067,20.77,189
IN,18,69,18069,5.86,189
IN,18,71,18071,9.29,189
IN,18,73,18073,45.23,181
IN,18,75,18075,3.71,189
IN,18,77,18077,1309.74,189
IN,18,79,18079,3.16,182
IN,18,81,18081,13.44,182
IN,18,83,18083,92.91,189
IN,18,85,18085,20.22,189
IN,18,87,18087,12.9,189
IN,18,89,18089,2316.77,181
IN,18,91,18091,39.5,181
IN,18,93,18093,8.77,189
IN,18,95,18095,20.66,182
IN,18,97,18097,296.47,182
IN,18,99,18099,7.19,189
IN,18,101,18101,1.8,189
IN,18,103,18103,9.31,189
IN,18,105,18105,15.0,189
IN,18,107,18107,5.31,182
IN,18,109,18109,276.68,182
IN,18,111,18111,4.78,181
IN,18,113,18113,8.89,189
IN,18,115,18115,1.0,189
IN,18,117,18117,1.66,189
IN,18,119,18119,2.39,189
IN,18,121,18121,2.34,189
IN,18,123,18123,0.98,189
IN,18,125,18125,501.16,189
IN,18,127,18127,721.71,181
IN,18,129,18129,19.69,189
IN,18,131,18131,9.83,189
IN,18,133,18133,7.81,182
IN,18,135,18135,3.95,189
IN,18,137,18137,3.43,189
IN,18,139,18139,3.21,189
IN,18,141,18141,55.47,189
IN,18,143,18143,3.66,189
IN,18,145,18145,7.21,182
IN,18,147,18147,31.79,189
IN,18,149,18149,6.15,189
IN,18,151,18151,4.79,189
IN,18,153,18153,464.37,189
IN,18,155,18155,2.4,189
IN,18,157,18157,34.94,189
IN,18,159,18159,2.2,189
IN,18,161,18161,0.77,189
IN,18,163,18163,22.44,189
IN,18,165,18165,608.47,189
IN,18,167,18167,535.06,189
IN,18,169,18169,8.21,189
IN,18,171,18171,2.31,189
IN,18,173,18173,785.93,189
IN,18,175,18175,4.09,189
IN,18,177,18177,11.04,189
IN,18,179,18179,5.01,189
IN,18,181,18181,5.1,189
IN,18,183,18183,4.04,189
IA,19,1,19001,1.48,190
IA,19,3,19003,1.7,190
IA,19,5,19005,239.21,190
IA,19,7,19007,5.79,190
IA,19,9,19009,1.64,190
IA,19,11,19011,2.95,190
IA,19,13,19013,34.55,190
IA,19,15,19015,3.29,190
IA,19,17,19017,2.93,190
IA,19,19,19019,3.78,190
IA,19,21,19021,5.65,190
IA,19,23,19023,2.37,190
IA,19,25,19025,2.79,190
IA,19,27,19027,5.36,190
IA,19,29,19029,3.21,190
IA,19,31,19031,2.71,190
IA,19,33,19033,10.02,190
IA,19,35,19035,4.21,190
IA,19,37,19037,2.49,190
IA,19,39,19039,2.39,190
IA,19,41,19041,3.59,190
IA,19,43,19043,4.43,190
IA,19,45,19045,276.53,190
IA,19,47,19047,5.1,190
IA,19,49,19049,5.54,190
IA,19,51,19051,1.63,190
IA,19,53,19053,1.73,190
IA,19,55,19055,4.76,190
IA,19,57,19057,113.75,190
IA,19,59,19059,2.78,190
IA,19,61,19061,94.55,190
IA,19,63,19063,2.75,190
IA,19,65,19065,4.12,190
IA,19,67,19067,3.2,190
IA,19,69,19069,3.27,190
IA,19,71,19071,1.64,190
IA,19,73,19073,1.95,190
IA,19,75,19075,1.98,190
IA,19,77,19077,2.09,190
IA,19,79,19079,3.8,190
IA,19,81,19081,3.53,190
IA,19,83,19083,5.61,190
IA,19,85,19085,5.2,190
IA,19,87,19087,2.73,190
IA,19,89,19089,1.76,190
IA,19,91,19091,2.68,190
IA,19,93,19093,1.75,190
IA,19,95,19095,2.41,190
IA,19,97,19097,3.43,190
IA,19,99,19099,7.36,190
IA,19,101,19101,2.54,190
IA,19,103,19103,42.21,190
IA,19,105,19105,3.06,190
IA,19,107,19107,1.87,190
IA,19,109,19109,3.65,190
IA,19,111,19111,29.59,190
IA,19,113,19113,265.21,190
IA,19,115,19115,10.73,190
IA,19,117,19117,1.35,190
IA,19,119,19119,4.99,190
IA,19,121,19121,1.69,190
IA,19,123,19123,3.96,190
IA,19,125,19125,4.98,190
IA,19,127,19127,11.87,190
IA,19,129,19129,1.84,190
IA,19,131,19131,2.85,190
IA,19,133,19133,7.64,190
IA,19,135,19135,1.72,190
IA,19,137,19137,2.13,190
IA,19,139,19139,325.86,190
IA,19,141,19141,3.77,190
IA,19,143,19143,4.06,190
IA,19,145,19145,2.86,190
IA,19,147,19147,2.85,190
IA,19,149,19149,6.96,190
IA,19,151,19151,2.0,190
IA,19,153,19153,53.38,190
IA,19,155,19155,455.43,190
IA,19,157,19157,2.71,190
IA,19,159,19159,1.54,190
IA,19,161,19161,3.78,190
IA,19,163,19163,121.6,190
IA,19,165,19165,2.38,190
IA,19,167,19167,14.73,190
IA,19,169,19169,13.26,190
IA,19,171,19171,4.78,190
IA,19,173,19173,0.87,190
IA,19,175,19175,3.98,190
IA,19,177,19177,0.96,190
IA,19,179,19179,22.31,190
IA,19,181,19181,2.3,190
IA,19,183,19183,4.43,190
IA,19,185,19185,0.85,190
IA,19,187,19187,9.62,190
IA,19,189,19189,2.13,190
IA,19,191,19191,4.92,190
IA,19,193,19193,958.96,190
IA,19,195,19195,3.44,190
IA,19,197,19197,4.32,190
KS,20,1,20001,3.81,209
KS,20,3,20003,2.64,209
KS,20,5,20005,4.92,201
KS,20,7,20007,6.15,209
KS,20,9,20009,40.96,209
KS,20,11,20011,3.24,209
KS,20,13,20013,1.98,209
KS,20,15,20015,14.57,209
KS,20,17,20017,3.89,209
KS,20,19,20019,1.92,209
KS,20,21,20021,94.94,209
KS,20,23,20023,60.28,209
KS,20,25,20025,5.71,209
KS,20,27,20027,17.64,209
KS,20,29,20029,21.73,209
KS,20,31,20031,676.8,209
KS,20,33,20033,8.44,209
KS,20,35,20035,8.02,209
KS,20,37,20037,7.01,209
KS,20,39,20039,16.75,209
KS,20,41,20041,7.59,209
KS,20,43,20043,0.76,209
KS,20,45,20045,24.52,209
KS,20,47,20047,113.79,209
KS,20,49,20049,0.99,209
KS,20,51,20051,5.45,209
KS,20,53,20053,3.06,209
KS,20,55,20055,309.8,209
KS,20,57,20057,109.21,209
KS,20,59,20059,3.54,201
KS,20,61,20061,10.4,209
KS,20,63,20063,21.73,209
KS,20,65,20065,14.38,209
KS,20,67,20067,155.11,209
KS,20,69,20069,238.26,209
KS,20,71,20071,29.89,209
KS,20,73,20073,2.74,209
KS,20,75,20075,46.4,209
KS,20,77,20077,3.57,209
KS,20,79,20079,44.57,209
KS,20,81,20081,251.45,209
KS,20,83,20083,32.32,209
KS,20,85,20085,2.19,209
KS,20,87,20087,4.08,209
KS,20,89,20089,92.31,209
KS,20,91,20091,25.27,201
KS,20,93,20093,248.72,209
KS,20,95,20095,19.59,209
KS,20,97,20097,59.25,209
KS,20,99,20099,4.81,209
KS,20,101,20101,18.55,209
KS,20,103,20103,8.72,201
KS,20,105,20105,1.68,209
KS,20,107,20107,1153.43,201
KS,20,109,20109,9.64,209
KS,20,111,20111,6.87,209
KS,20,113,20113,35.2,209
KS,20,115,20115,3.97,209
KS,20,117,20117,3.45,209
KS,20,119,20119,163.23,209
KS,20,121,20121,5.25,201
KS,20,123,20123,16.46,209
KS,20,125,20125,10.96,209
KS,20,127,20127,4.91,209
KS,20,129,20129,51.55,209
KS,20,131,20131,3.02,209
KS,20,133,20133,3.64,209
KS,20,135,20135,5.34,209
KS,20,137,20137,14.57,209
KS,20,139,20139,2.44,209
KS,20,141,20141,6.04,209
KS,20,143,20143,4.5,209
KS,20,145,20145,79.13,209
KS,20,147,20147,29.3,209
KS,20,149,20149,40.06,209
KS,20,151,20151,84.53,209
KS,20,153,20153,22.67,209
KS,20,155,20155,69.67,209
KS,20,157,20157,34.54,209
KS,20,159,20159,25.44,209
KS,20,161,20161,8.09,209
KS,20,163,20163,18.46,209
KS,20,165,20165,9.74,209
KS,20,167,20167,1.42,209
KS,20,169,20169,12.04,209
KS,20,171,20171,63.65,209
KS,20,173,20173,102.91,209
KS,20,175,20175,154.67,209
KS,20,177,20177,46.13,209
KS,20,179,20179,88.56,209
KS,20,181,20181,129.99,209
KS,20,183,20183,5.47,209
KS,20,185,20185,85.94,209
KS,20,187,20187,150.88,209
KS,20,189,20189,215.58,209
KS,20,191,20191,9.01,209
KS,20,193,20193,123.43,209
KS,20,195,20195,6.42,209
KS,20,197,20197,4.85,209
KS,20,199,20199,73.34,209
KS,20,201,20201,8.02,209
KS,20,203,20203,81.08,209
KS,20,205,20205,2.66,209
KS,20,207,20207,2.23,209
KS,20,209,20209,397.81,201
KY,21,1,21001,,219
KY,21,3,21003,,219
KY,21,5,21005,,219
KY,21,7,21007,,219
KY,21,9,21009,,219
KY,21,11,21011,,219
KY,21,13,21013,,219
KY,21,15,21015,,219
KY,21,17,21017,,219
KY,21,19,21019,,219
KY,21,21,21021,,219
KY,21,23,21023,,219
KY,21,25,21025,,219
KY,21,27,21027,,219
KY,21,29,21029,,211
KY,21,31,21031,,219
KY,21,33,21033,,219
KY,21,35,21035,,219
KY,21,37,21037,,219
KY,21,39,21039,,219
KY,21,41,21041,,219
KY,21,43,21043,,219
KY,21,45,21045,,219
KY,21,47,21047,,219
KY,21,49,21049,,219
KY,21,51,21051,,219
KY,21,53,21053,,219
KY,21,55,21055,,219
KY,21,57,21057,,219
KY,21,59,21059,,219
KY,21,61,21061,,219
KY,21,63,21063,,219
KY,21,65,21065,,219
KY,21,67,21067,,219
KY,21,69,21069,,219
KY,21,71,21071,,219
KY,21,73,21073,,219
KY,21,75,21075,,219
KY,21,77,21077,,219
KY,21,79,21079,,219
KY,21,81,21081,,219
KY,21,83,21083,,219
KY,21,85,21085,,219
KY,21,87,21087,,219
KY,21,89,21089,,219
KY,21,91,21091,,219
KY,21,93,21093,,211
KY,21,95,21095,,219
KY,21,97,21097,,219
KY,21,99,21099,,219
KY,21,101,21101,,219
KY,21,103,21103,,211
KY,21,105,21105,,219
KY,21,107,21107,,219
KY,21,109,21109,,219
KY,21,111,21111,,211
KY,21,113,21113,,219
KY,21,115,21115,,219
KY,21,117,21117,,219
KY,21,119,21119,,219
KY,21,121,21121,,219
KY,21,123,21123,,211
KY,21,125,21125,,219
KY,21,127,21127,,219
KY,21,129,21129,,219
KY,21,131,21131,,219
KY,21,133,21133,,219
KY,21,135,21135,,219
KY,21,137,21137,,219
KY,21,139,21139,,219
KY,21,141,21141,,219
KY,21,143,21143,,219
KY,21,145,21145,,219
KY,21,147,21147,,219
KY,21,149,21149,,219
KY,21,151,21151,,219
KY,21,153,21153,,219
KY,21,155,21155,,219
KY,21,157,21157,,219
KY,21,159,21159,,219
KY,21,161,21161,,219
KY,21,163,21163,,211
KY,21,165,21165,,219
KY,21,167,21167,,219
KY,21,169,21169,,219
KY,21,171,21171,,219
KY,21,173,21173,,219
KY,21,175,21175,,219
KY,21,177,21177,,219
KY,21,179,21179,,211
KY,21,181,21181,,219
KY,21,183,21183,,219
KY,21,185,21185,,211
KY,21,187,21187,,219
KY,21,189,21189,,219
KY,21,191,21191,,219
KY,21,193,21193,,219
KY,21,195,21195,,219
KY,21,197,21197,,219
KY,21,199,21199,,219
KY,21,201,21201,,219
KY,21,203,21203,,219
KY,21,205,21205,,219
KY,21,207,21207,,219
KY,21,209,21209,,219
KY,21,211,21211,,211
KY,21,213,21213,,219
KY,21,215,21215,,211
KY,21,217,21217,,219
KY,21,219,21219,,219
KY,21,221,21221,,219
KY,21,223,21223,,211
KY,21,225,21225,,219
KY,21,227,21227,,219
KY,21,229,21229,,219
KY,21,231,21231,,219
KY,21,233,21233,,219
KY,21,235,21235,,219
KY,21,237,21237,,219
KY,21,239,21239,,219
LA,22,1,22001,186.4,229
LA,22,3,22003,38.61,229
LA,22,5,22005,217.04,221
LA,22,7,22007,29.67,221
LA,22,9,22009,22.65,229
LA,22,11,22011,29.73,229
LA,22,13,22013,13.13,229
LA,22,15,22015,14.08,229
LA,22,17,22017,146.01,229
LA,22,19,22019,366.6,222
LA,22,21,22021,2.38,229
LA,22,23,22023,30.45,222
LA,22,25,22025,31.02,229
LA,22,27,22027,2.61,229
LA,22,29,22029,48.33,229
LA,22,31,22031,21.97,229
LA,22,33,22033,154.16,221
LA,22,35,22035,41.91,229
LA,22,37,22037,3.65,221
LA,22,39,22039,182.18,229
LA,22,41,22041,49.89,229
LA,22,43,22043,5.99,229
LA,22,45,22045,29.78,229
LA,22,47,22047,1158.86,221
LA,22,49,22049,2.02,229
LA,22,51,22051,1147.13,223
LA,22,53,22053,169.94,222
LA,22,55,22055,41.65,229
LA,22,57,22057,46.96,229
LA,22,59,22059,3.26,229
LA,22,61,22061,8.78,229
LA,22,63,22063,12.14,221
LA,22,65,22065,17.9,229
LA,22,67,22067,74.75,229
LA,22,69,22069,33.44,229
LA,22,71,22071,743.03,223
LA,22,73,22073,235.61,229
LA,22,75,22075,103.63,223
LA,22,77,22077,293.65,221
LA,22,79,22079,451.78,229
LA,22,81,22081,2.4,229
LA,22,83,22083,41.05,229
LA,22,85,22085,4.87,229
LA,22,87,22087,281.48,223
LA,22,89,22089,2701.2,223
LA,22,91,22091,1.15,221
LA,22,93,22093,244.99,229
LA,22,95,22095,93.7,223
LA,22,97,22097,62.62,229
LA,22,99,22099,59.26,229
LA,22,101,22101,200.07,229
LA,22,103,22103,25.54,223
LA,22,105,22105,18.46,229
LA,22,107,22107,17.11,229
LA,22,109,22109,7.03,229
LA,22,111,22111,5.5,229
LA,22,113,22113,225.66,229
LA,22,115,22115,7.95,229
LA,22,117,22117,35.59,223
LA,22,119,22119,7.32,229
LA,22,121,22121,20.47,221
LA,22,123,22123,31.69,229
LA,22,125,22125,50.4,221
LA,22,127,22127,3.73,229
ME,23,1,23001,,230
ME,23,3,23003,,230
ME,23,5,23005,,230
ME,23,7,23007,,230
ME,23,9,23009,,230
ME,23,11,23011,,230
ME,23,13,23013,,230
ME,23,15,23015,,230
ME,23,17,23017,,230
ME,23,19,23019,,230
ME,23,21,23021,,230
ME,23,23,23023,,230
ME,23,25,23025,,230
ME,23,27,23027,,230
ME,23,29,23029,,230
ME,23,31,23031,,230
MD,24,1,24001,48.67,249
MD,24,3,24003,823.9,241
MD,24,5,24005,901.09,241
MD,24,9,24009,3277.23,242
MD,24,11,24011,21.22,249
MD,24,13,24013,15.1,241
MD,24,15,24015,9.14,249
MD,24,17,24017,1205.19,242
MD,24,19,24019,14.24,249
MD,24,21,24021,38.74,242
MD,24,23,24023,8.89,249
MD,24,25,24025,17.7,241
MD,24,27,24027,3.47,241
MD,24,29,24029,4.39,249
MD,24,31,24031,707.52,242
MD,24,33,24033,625.16,242
MD,24,35,24035,8.41,241
MD,24,37,24037,8.8,249
MD,24,39,24039,3.95,249
MD,24,41,24041,5.65,249
MD,24,43,24043,81.23,249
MD,24,45,24045,16.29,249
MD,24,47,24047,12.59,249
MD,24,510,24510,54.95,241
MA,25,1,25001,399.67,259
MA,25,3,25003,32.54,259
MA,25,5,25005,1214.57,251
MA,25,7,25007,2.56,259
MA,25,9,25009,685.26,251
MA,25,11,25011,8.99,259
MA,25,13,25013,176.29,259
MA,25,15,25015,16.91,259
MA,25,17,25017,834.49,251
MA,25,19,25019,4.24,259
MA,25,21,25021,47.6,251
MA,25,23,25023,575.98,251
MA,25,25,25025,302.71,251
MA,25,27,25027,358.56,251
MI,26,1,26001,1.26,269
MI,26,3,26003,6.8,269
MI,26,5,26005,26.29,262
MI,26,7,26007,128.9,269
MI,26,9,26009,4.49,269
MI,26,11,26011,37.9,269
MI,26,13,26013,2.07,269
MI,26,15,26015,6.64,262
MI,26,17,26017,678.22,269
MI,26,19,26019,2.5,269
MI,26,21,26021,1141.09,269
MI,26,23,26023,17.97,269
MI,26,25,26025,33.68,269
MI,26,27,26027,15.4,269
MI,26,29,26029,45.33,269
MI,26,31,26031,3.92,269
MI,26,33,26033,5.35,269
MI,26,35,26035,4.16,269
MI,26,37,26037,8.89,269
MI,26,39,26039,2.43,269
MI,26,41,26041,64.63,269
MI,26,43,26043,21.95,269
MI,26,45,26045,9.8,269
MI,26,47,26047,6.05,269
MI,26,49,26049,22.37,261
MI,26,51,26051,2.43,269
MI,26,53,26053,2.56,269
MI,26,55,26055,11.7,269
MI,26,57,26057,6.35,269
MI,26,59,26059,8.39,269
MI,26,61,26061,4.89,269
MI,26,63,26063,81.91,269
MI,26,65,26065,249.32,269
MI,26,67,26067,9.55,262
MI,26,69,26069,3.19,269
MI,26,71,26071,2.59,269
MI,26,73,26073,7.26,269
MI,26,75,26075,20.72,269
MI,26,77,26077,83.97,269
MI,26,79,26079,3.92,269
MI,26,81,26081,76.15,262
MI,26,83,26083,0.22,269
MI,26,85,26085,1.17,269
MI,26,87,26087,7.85,261
MI,26,89,26089,3.47,269
MI,26,91,26091,12.28,269
MI,26,93,26093,17.71,261
MI,26,95,26095,1.13,269
MI,26,97,26097,10.28,269
MI,26,99,26099,12.64,261
MI,26,101,26101,43.28,269
MI,26,103,26103,293.93,269
MI,26,105,26105,23.05,269
MI,26,107,26107,6.78,269
MI,26,109,26109,5.3,269
MI,26,111,26111,8.57,269
MI,26,113,26113,2.3,269
MI,26,115,26115,1734.15,261
MI,26,117,26117,26.59,269
MI,26,119,26119,1.24,269
MI,26,121,26121,323.08,262
MI,26,123,26123,7.69,262
MI,26,125,26125,50.23,261
MI,26,127,26127,5.55,269
MI,26,129,26129,2.5,269
MI,26,131,26131,19.67,269
MI,26,133,26133,5.31,269
MI,26,135,26135,1.32,269
MI,26,137,26137,3.9,269
MI,26,139,26139,733.63,262
MI,26,141,26141,7.97,269
MI,26,143,26143,2.65,269
MI,26,145,26145,17.77,269
MI,26,147,26147,1717.13,261
MI,26,149,26149,57.72,269
MI,26,151,26151,7.89,269
MI,26,153,26153,11.57,269
MI,26,155,26155,7.81,269
MI,26,157,26157,9.02,269
MI,26,159,26159,152.05,269
MI,26,161,26161,33.59,261
MI,26,163,26163,1727.31,261
MI,26,165,26165,8.35,269
MN,27,1,27001,3.55,279
MN,27,3,27003,132.34,271
MN,27,5,27005,9.39,279
MN,27,7,27007,6.92,279
MN,27,9,27009,21.54,271
MN,27,11,27011,1.39,279
MN,27,13,27013,32.94,279
MN,27,15,27015,4.55,279
MN,27,17,27017,11.13,279
MN,27,19,27019,9.95,271
MN,27,21,27021,3.98,279
MN,27,23,27023,1.99,279
MN,27,25,27025,5.3,271
MN,27,27,27027,7.42,279
MN,27,29,27029,11.9,279
MN,27,31,27031,296.29,279
MN,27,33,27033,3.76,279
MN,27,35,27035,11.4,279
MN,27,37,27037,242.89,271
MN,27,39,27039,2.42,279
MN,27,41,27041,5.89,279
MN,27,43,27043,3.0,279
MN,27,45,27045,4.06,279
MN,27,47,27047,6.48,279
MN,27,49,27049,631.11,271
MN,27,51,27051,2.16,279
MN,27,53,27053,297.97,271
MN,27,55,27055,2.66,279
MN,27,57,27057,13.65,279
MN,27,59,27059,3.51,271
MN,27,61,27061,200.63,279
MN,27,63,27063,1.79,279
MN,27,65,27065,1.65,279
MN,27,67,27067,9.95,279
MN,27,69,27069,1.41,279
MN,27,71,27071,53.29,279
MN,27,73,27073,4.13,279
MN,27,75,27075,135.76,279
MN,27,77,27077,1.37,279
MN,27,79,27079,19.07,279
MN,27,81,27081,1.92,279
MN,27,83,27083,6.55,279
MN,27,85,27085,6.63,271
MN,27,87,27087,0.71,279
MN,27,89,27089,1.39,279
MN,27,91,27091,20.6,279
MN,27,93,27093,6.12,279
MN,27,95,27095,3.37,279
MN,27,97,27097,13.92,279
MN,27,99,27099,9.16,279
MN,27,101,27101,1.84,279
MN,27,103,27103,6.3,279
MN,27,105,27105,4.82,279
MN,27,107,27107,0.79,279
MN,27,109,27109,41.56,279
MN,27,111,27111,105.38,279
MN,27,113,27113,2.5,279
MN,27,115,27115,3.05,279
MN,27,117,27117,3.53,279
MN,27,119,27119,15.04,279
MN,27,121,27121,17.76,279
MN,27,123,27123,160.84,271
MN,27,125,27125,3.64,279
MN,27,127,27127,2.91,279
MN,27,129,27129,3.49,279
MN,27,131,27131,8.99,271
MN,27,133,27133,2.28,279
MN,27,135,27135,1.94,279
MN,27,137,27137,324.35,279
MN,27,139,27139,14.19,271
MN,27,141,27141,91.23,271
MN,27,143,27143,2.97,279
MN,27,145,27145,38.03,271
MN,27,147,27147,8.68,279
MN,27,149,27149,5.16,279
MN,27,151,27151,10.38,279
MN,27,153,27153,9.86,279
MN,27,155,27155,0.61,279
MN,27,157,27157,4.6,279
MN,27,159,27159,10.87,279
MN,27,161,27161,3.12,279
MN,27,163,27163,320.79,271
MN,27,165,27165,3.56,279
MN,27,167,27167,0.82,279
MN,27,169,27169,7.93,279
MN,27,171,27171,334.42,271
MN,27,173,27173,2.72,279
MS,28,1,28001,49.03,280
MS,28,3,28003,6.08,280
MS,28,5,28005,2.36,280
MS,28,7,28007,3.12,280
MS,28,9,28009,1.02,280
MS,28,11,28011,285.84,280
MS,28,13,28013,4.73,280
MS,28,15,28015,4.52,280
MS,28,17,28017,4.13,280
MS,28,19,28019,1.51,280
MS,28,21,28021,34.28,280
MS,28,23,28023,2.71,280
MS,28,25,28025,8.51,280
MS,28,27,28027,160.91,280
MS,28,29,28029,4.62,280
MS,28,31,28031,6.08,280
MS,28,33,28033,31.95,280
MS,28,35,28035,53.39,280
MS,28,37,28037,1.25,280
MS,28,39,28039,2.23,280
MS,28,41,28041,7.11,280
MS,28,43,28043,16.22,280
MS,28,45,28045,5.1,280
MS,28,47,28047,341.33,280
MS,28,49,28049,46.94,280
MS,28,51,28051,47.93,280
MS,28,53,28053,136.15,280
MS,28,55,28055,13.77,280
MS,28,57,28057,2.89,280
MS,28,59,28059,70.59,280
MS,28,61,28061,1.71,280
MS,28,63,28063,0.68,280
MS,28,65,28065,2.12,280
MS,28,67,28067,18.84,280
MS,28,69,28069,0.87,280
MS,28,71,28071,5.85,280
MS,28,73,28073,16.86,280
MS,28,75,28075,11.88,280
MS,28,77,28077,36.24,280
MS,28,79,28079,2.99,280
MS,28,81,28081,17.34,280
MS,28,83,28083,206.71,280
MS,28,85,28085,4.5,280
MS,28,87,28087,41.54,280
MS,28,89,28089,12.57,280
MS,28,91,28091,4.05,280
MS,28,93,28093,4.34,280
MS,28,95,28095,19.53,280
MS,28,97,28097,4.17,280
MS,28,99,28099,3.81,280
MS,28,101,28101,2.09,280
MS,28,103,28103,31.21,280
MS,28,105,28105,6.26,280
MS,28,107,28107,17.16,280
MS,28,109,28109,7.69,280
MS,28,111,28111,18.08,280
MS,28,113,28113,11.52,280
MS,28,115,28115,1.98,280
MS,28,117,28117,3.99,280
MS,28,119,28119,80.77,280
MS,28,121,28121,13.09,280
MS,28,123,28123,9.3,280
MS,28,125,28125,36.85,280
MS,28,127,28127,2.25,280
MS,28,129,28129,4.27,280
MS,28,131,28131,2.2,280
MS,28,133,28133,264.0,280
MS,28,135,28135,113.93,280
MS,28,137,28137,17.59,280
MS,28,139,28139,3.38,280
MS,28,141,28141,2.8,280
MS,28,143,28143,94.05,280
MS,28,145,28145,3.07,280
MS,28,147,28147,2.09,280
MS,28,149,28149,71.82,280
MS,28,151,28151,292.28,280
MS,28,153,28153,2.36,280
MS,28,155,28155,1.4,280
MS,28,157,28157,3.61,280
MS,28,159,28159,2.64,280
MS,28,161,28161,3.2,280
MS,28,163,28163,60.42,280
MO,29,1,29001,3.69,299
MO,29,3,29003,1.19,299
MO,29,5,29005,6.52,299
MO,29,7,29007,13.86,299
MO,29,9,29009,20.55,299
MO,29,11,29011,10.69,299
MO,29,13,29013,3.3,291
MO,29,15,29015,3.0,299
MO,29,17,29017,13.55,299
MO,29,19,29019,23.08,299
MO,29,21,29021,67.81,299
MO,29,23,29023,349.62,299
MO,29,25,29025,1.61,291
MO,29,27,29027,32.77,299
MO,29,29,29029,4.92,299
MO,29,31,29031,28.25,299
MO,29,33,29033,3.2,299
MO,29,35,29035,1.34,299
MO,29,37,29037,4.28,291
MO,29,39,29039,1.95,299
MO,29,41,29041,1.46,299
MO,29,43,29043,8.78,299
MO,29,45,29045,1.7,299
MO,29,47,29047,172.84,291
MO,29,49,29049,2.55,291
MO,29,51,29051,12.35,299
MO,29,53,29053,2.69,299
MO,29,55,29055,2.49,299
MO,29,57,29057,4.37,299
MO,29,59,29059,2.22,299
MO,29,61,29061,1.79,299
MO,29,63,29063,0.78,299
MO,29,65,29065,27.77,299
MO,29,67,29067,2.37,299
MO,29,69,29069,79.0,299
MO,29,71,29071,1016.1,292
MO,29,73,29073,1.91,299
MO,29,75,29075,1.92,299
MO,29,77,29077,254.81,299
MO,29,79,29079,2.8,299
MO,29,81,29081,1.41,299
MO,29,83,29083,398.5,299
MO,29,85,29085,1.42,299
MO,29,87,29087,19.42,299
MO,29,89,29089,3.25,299
MO,29,91,29091,6.53,299
MO,29,93,29093,1.22,299
MO,29,95,29095,388.46,291
MO,29,97,29097,32.15,299
MO,29,99,29099,813.39,292
MO,29,101,29101,5.87,291
MO,29,103,29103,0.92,299
MO,29,105,29105,25.7,299
MO,29,107,29107,4.42,291
MO,29,109,29109,7.0,299
MO,29,111,29111,1.32,299
MO,29,113,29113,5.5,292
MO,29,115,29115,2.26,299
MO,29,117,29117,3.84,299
MO,29,119,29119,6.71,299
MO,29,121,29121,3.06,299
MO,29,123,29123,1.31,299
MO,29,125,29125,1.54,299
MO,29,127,29127,8.28,299
MO,29,129,29129,11.58,299
MO,29,131,29131,4.39,299
MO,29,133,29133,77.91,299
MO,29,135,29135,3.41,299
MO,29,137,29137,4.56,299
MO,29,139,29139,1.47,299
MO,29,141,29141,2.34,299
MO,29,143,29143,1092.36,299
MO,29,145,29145,7.9,299
MO,29,147,29147,3.55,299
MO,29,149,29149,2.7,299
MO,29,151,29151,63.92,299
MO,29,153,29153,1.59,299
MO,29,155,29155,50.31,299
MO,29,157,29157,2.19,299
MO,29,159,29159,7.47,299
MO,29,161,29161,12.42,299
MO,29,163,29163,10.48,299
MO,29,165,29165,336.7,291
MO,29,167,29167,5.45,299
MO,29,169,29169,7.6,299
MO,29,171,29171,2.49,299
MO,29,173,29173,1.06,299
MO,29,175,29175,812.48,299
MO,29,177,29177,5.21,291
MO,29,179,29179,3.57,299
MO,29,181,29181,36.38,299
MO,29,183,29183,502.33,292
MO,29,185,29185,1.66,299
MO,29,186,29186,2.85,299
MO,29,187,29187,7.62,292
MO,29,189,29189,498.99,292
MO,29,195,29195,7.02,299
MO,29,197,29197,0.53,299
MO,29,199,29199,1.11,299
MO,29,201,29201,100.19,299
MO,29,203,29203,1.07,299
MO,29,205,29205,2.96,299
MO,29,207,29207,372.26,299
MO,29,209,29209,3.45,299
MO,29,211,29211,9.43,299
MO,29,213,29213,27.48,299
MO,29,215,29215,4.25,299
MO,29,217,29217,9.53,299
MO,29,219,29219,2.75,292
MO,29,221,29221,5.21,292
MO,29,223,29223,1.82,299
MO,29,225,29225,4.26,299
MO,29,227,29227,0.32,299
MO,29,229,29229,3.36,299
MO,29,510,29510,147.43,292
MT,30,1,30001,506.09,300
MT,30,3,30003,152.35,300
MT,30,5,30005,286.47,300
MT,30,7,30007,198.44,300
MT,30,9,30009,422.29,300
MT,30,11,30011,5.01,300
MT,30,13,30013,168.65,300
MT,30,15,30015,42.76,300
MT,30,17,30017,77.24,300
MT,30,19,30019,3.4,300
MT,30,21,30021,74.59,300
MT,30,23,30023,47.54,300
MT,30,25,30025,3.3,300
MT,30,27,30027,63.01,300
MT,30,29,30029,70.91,300
MT,30,31,30031,409.38,300
MT,30,33,30033,6.65,300
MT,30,35,30035,102.89,300
MT,30,37,30037,52.33,300
MT,30,39,30039,99.27,300
MT,30,41,30041,12.37,300
MT,30,43,30043,89.32,300
MT,30,45,30045,69.01,300
MT,30,47,30047,341.99,300
MT,30,49,30049,176.31,300
MT,30,51,30051,20.36,300
MT,30,53,30053,29.19,300
MT,30,55,30055,14.78,300
MT,30,57,30057,483.85,300
MT,30,59,30059,324.19,300
MT,30,61,30061,7.69,300
MT,30,63,30063,102.76,300
MT,30,65,30065,80.09,300
MT,30,67,30067,262.85,300
MT,30,69,30069,42.7,300
MT,30,71,30071,249.93,300
MT,30,73,30073,231.11,300
MT,30,75,30075,14.86,300
MT,30,77,30077,177.8,300
MT,30,79,30079,49.91,300
MT,30,81,30081,175.32,300
MT,30,83,30083,373.12,300
MT,30,85,30085,71.2,300
MT,30,87,30087,188.68,300
MT,30,89,30089,108.61,300
MT,30,91,30091,11.28,300
MT,30,93,30093,44.32,300
MT,30,95,30095,133.39,300
MT,30,97,30097,193.24,300
MT,30,99,30099,556.03,300
MT,30,101,30101,10.58,300
MT,30,103,30103,100.66,300
MT,30,105,30105,157.35,300
MT,30,107,30107,90.74,300
MT,30,109,30109,2.1,300
MT,30,111,30111,501.59,300
NE,31,1,31001,218.21,310
NE,31,3,31003,223.98,310
NE,31,5,31005,16.19,310
NE,31,7,31007,38.38,310
NE,31,9,31009,11.73,310
NE,31,11,31011,133.18,310
NE,31,13,31013,234.3,310
NE,31,15,31015,6.03,310
NE,31,17,31017,68.04,310
NE,31,19,31019,250.93,310
NE,31,21,31021,55.97,310
NE,31,23,31023,107.38,310
NE,31,25,31025,39.86,310
NE,31,27,31027,69.57,310
NE,31,29,31029,268.44,310
NE,31,31,31031,46.56,310
NE,31,33,31033,93.5,310
NE,31,35,31035,228.08,310
NE,31,37,31037,68.14,310
NE,31,39,31039,54.2,310
NE,31,41,31041,256.27,310
NE,31,43,31043,27.11,310
NE,31,45,31045,35.3,310
NE,31,47,31047,354.47,310
NE,31,49,31049,38.76,310
NE,31,51,31051,20.65,310
NE,31,53,31053,99.9,310
NE,31,55,31055,535.4,310
NE,31,57,31057,130.92,310
NE,31,59,31059,212.6,310
NE,31,61,31061,111.28,310
NE,31,63,31063,86.29,310
NE,31,65,31065,82.86,310
NE,31,67,31067,62.94,310
NE,31,69,31069,63.82,310
NE,31,71,31071,17.07,310
NE,31,73,31073,101.25,310
NE,31,75,31075,2.62,310
NE,31,77,31077,53.9,310
NE,31,79,31079,218.7,310
NE,31,81,31081,243.51,310
NE,31,83,31083,129.01,310
NE,31,85,31085,60.78,310
NE,31,87,31087,62.95,310
NE,31,89,31089,237.97,310
NE,31,91,31091,6.43,310
NE,31,93,31093,122.33,310
NE,31,95,31095,71.68,310
NE,31,97,31097,11.55,310
NE,31,99,31099,188.5,310
NE,31,101,31101,135.5,310
NE,31,103,31103,15.08,310
NE,31,105,31105,63.69,310
NE,31,107,31107,46.74,310
NE,31,109,31109,18.52,310
NE,31,111,31111,1008.96,310
NE,31,113,31113,22.36,310
NE,31,115,31115,11.88,310
NE,31,117,31117,10.3,310
NE,31,119,31119,103.01,310
NE,31,121,31121,187.26,310
NE,31,123,31123,195.96,310
NE,31,125,31125,64.4,310
NE,31,127,31127,730.4,310
NE,31,129,31129,77.22,310
NE,31,131,31131,423.85,310
NE,31,133,31133,2.53,310
NE,31,135,31135,210.21,310
NE,31,137,31137,324.96,310
NE,31,139,31139,124.23,310
NE,31,141,31141,132.34,310
NE,31,143,31143,136.32,310
NE,31,145,31145,79.18,310
NE,31,147,31147,3.28,310
NE,31,149,31149,45.92,310
NE,31,151,31151,100.91,310
NE,31,153,31153,40.65,310
NE,31,155,31155,133.06,310
NE,31,157,31157,315.77,310
NE,31,159,31159,93.09,310
NE,31,161,31161,100.34,310
NE,31,163,31163,75.67,310
NE,31,165,31165,71.91,310
NE,31,167,31167,25.14,310
NE,31,169,31169,168.89,310
NE,31,171,31171,8.14,310
NE,31,173,31173,11.64,310
NE,31,175,31175,78.38,310
NE,31,177,31177,573.52,310
NE,31,179,31179,35.0,310
NE,31,181,31181,62.24,310
NE,31,183,31183,53.47,310
NE,31,185,31185,252.66,310
NV,32,1,32001,157.8,329
NV,32,3,32003,529.17,321
NV,32,5,32005,149.62,329
NV,32,7,32007,525.9,329
NV,32,9,32009,27.06,329
NV,32,11,32011,109.33,329
NV,32,13,32013,396.12,329
NV,32,15,32015,97.92,329
NV,32,17,32017,57.73,329
NV,32,19,32019,224.36,329
NV,32,21,32021,13.96,329
NV,32,23,32023,52.55,321
NV,32,27,32027,109.42,329
NV,32,29,32029,8.01,329
NV,32,31,32031,208.94,329
NV,32,33,32033,112.42,329
NV,32,510,32510,24.75,329
NH,33,1,33001,6.46,330
NH,33,3,33003,6.69,330
NH,33,5,33005,7.77,330
NH,33,7,33007,44.08,330
NH,33,9,33009,17.8,330
NH,33,11,33011,55.59,330
NH,33,13,33013,253.13,330
NH,33,15,33015,790.04,330
NH,33,17,33017,21.32,330
NH,33,19,33019,5.38,330
NJ,34,1,34001,43.95,349
NJ,34,3,34003,131.87,341
NJ,34,5,34005,172.61,342
NJ,34,7,34007,50.63,342
NJ,34,9,34009,182.97,349
NJ,34,11,34011,111.35,342
NJ,34,13,34013,33.28,341
NJ,34,15,34015,59.07,342
NJ,34,17,34017,517.64,341
NJ,34,19,34019,99.61,341
NJ,34,21,34021,692.73,341
NJ,34,23,34023,212.78,341
NJ,34,25,34025,64.74,341
NJ,34,27,34027,123.6,341
NJ,34,29,34029,667.22,341
NJ,34,31,34031,201.23,341
NJ,34,33,34033,1969.85,342
NJ,34,35,34035,148.4,341
NJ,34,37,34037,22.22,341
NJ,34,39,34039,31.85,341
NJ,34,41,34041,23.53,349
NM,35,1,35001,170.04,350
NM,35,3,35003,18.17,350
NM,35,5,35005,319.04,350
NM,35,6,35006,8.07,350
NM,35,7,35007,47.01,350
NM,35,9,35009,182.72,350
NM,35,11,35011,44.58,350
NM,35,13,35013,493.74,350
NM,35,15,35015,218.71,350
NM,35,17,35017,31.43,350
NM,35,19,35019,13.21,350
NM,35,21,35021,3.36,350
NM,35,23,35023,38.4,350
NM,35,25,35025,137.45,350
NM,35,27,35027,25.43,350
NM,35,28,35028,4.11,350
NM,35,29,35029,89.89,350
NM,35,31,35031,14.2,350
NM,35,33,35033,29.76,350
NM,35,35,35035,42.19,350
NM,35,37,35037,104.31,350
NM,35,39,35039,103.9,350
NM,35,41,35041,137.07,350
NM,35,43,35043,72.49,350
NM,35,45,35045,262.64,350
NM,35,47,35047,46.24,350
NM,35,49,35049,46.21,350
NM,35,51,35051,33.25,350
NM,35,53,35053,160.81,350
NM,35,55,35055,92.12,350
NM,35,57,35057,31.76,350
NM,35,59,35059,75.27,350
NM,35,61,35061,159.27,350
NY,36,1,36001,102.67,361
NY,36,3,36003,7.57,369
NY,36,5,36005,3.48,363
NY,36,7,36007,115.13,369
NY,36,9,36009,14.12,362
NY,36,11,36011,13.31,369
NY,36,13,36013,480.66,369
NY,36,15,36015,17.34,369
NY,36,17,36017,84.86,369
NY,36,19,36019,13.58,369
NY,36,21,36021,7.13,361
NY,36,23,36023,8.31,369
NY,36,25,36025,456.22,369
NY,36,27,36027,34.72,363
NY,36,29,36029,874.71,362
NY,36,31,36031,8.31,369
NY,36,33,36033,8.77,369
NY,36,35,36035,7.84,361
NY,36,37,36037,9.45,364
NY,36,39,36039,5.34,369
NY,36,41,36041,0.98,369
NY,36,43,36043,9.75,369
NY,36,45,36045,17.21,369
NY,36,47,36047,14.45,363
NY,36,49,36049,5.41,369
NY,36,51,36051,8.44,364
NY,36,53,36053,5.84,369
NY,36,55,36055,236.26,364
NY,36,57,36057,11.48,361
NY,36,59,36059,499.03,363
NY,36,61,36061,258.85,363
NY,36,63,36063,284.36,362
NY,36,65,36065,34.26,369
NY,36,67,36067,94.87,369
NY,36,69,36069,10.63,364
NY,36,71,36071,643.89,363
NY,36,73,36073,4.16,364
NY,36,75,36075,975.14,369
NY,36,77,36077,5.67,369
NY,36,79,36079,123.51,363
NY,36,81,36081,1753.78,363
NY,36,83,36083,26.85,361
NY,36,85,36085,324.27,363
NY,36,87,36087,592.36,363
NY,36,89,36089,14.25,369
NY,36,91,36091,19.68,361
NY,36,93,36093,28.0,361
NY,36,95,36095,117.29,361
NY,36,97,36097,2.28,369
NY,36,99,36099,3.94,364
NY,36,101,36101,75.05,369
NY,36,103,36103,985.42,363
NY,36,105,36105,140.9,369
NY,36,107,36107,7.19,369
NY,36,109,36109,249.7,369
NY,36,111,36111,449.13,363
NY,36,113,36113,11.72,361
NY,36,115,36115,8.46,361
NY,36,117,36117,436.87,364
NY,36,119,36119,1234.11,363
NY,36,121,36121,6.12,369
NY,36,123,36123,82.91,369
NC,37,1,37001,27.14,372
NC,37,3,37003,4.62,379
NC,37,5,37005,2.99,379
NC,37,7,37007,10.07,371
NC,37,9,37009,3.21,379
NC,37,11,37011,5.8,379
NC,37,13,37013,48.31,379
NC,37,15,37015,12.43,379
NC,37,17,37017,50.78,379
NC,37,19,37019,1639.69,379
NC,37,21,37021,42.49,379
NC,37,23,37023,24.08,379
NC,37,25,37025,25.75,371
NC,37,27,37027,12.03,379
NC,37,29,37029,0.38,379
NC,37,31,37031,7.85,379
NC,37,33,37033,3.38,379
NC,37,35,37035,1188.05,379
NC,37,37,37037,364.58,373
NC,37,39,37039,3.6,379
NC,37,41,37041,5.76,379
NC,37,43,37043,1.45,379
NC,37,45,37045,191.83,371
NC,37,47,37047,50.11,379
NC,37,49,37049,32.47,379
NC,37,51,37051,48.41,379
NC,37,53,37053,3.06,379
NC,37,55,37055,7.31,379
NC,37,57,37057,21.32,372
NC,37,59,37059,6.44,372
NC,37,61,37061,30.55,379
NC,37,63,37063,37.65,373
NC,37,65,37065,12.59,379
NC,37,67,37067,58.42,372
NC,37,69,37069,8.54,373
NC,37,71,37071,972.21,371
NC,37,73,37073,1.84,379
NC,37,75,37075,0.85,379
NC,37,77,37077,7.55,379
NC,37,79,37079,5.93,379
NC,37,81,37081,79.07,372
NC,37,83,37083,37.64,379
NC,37,85,37085,18.03,373
NC,37,87,37087,35.05,379
NC,37,89,37089,17.1,379
NC,37,91,37091,8.85,379
NC,37,93,37093,3.65,379
NC,37,95,37095,2.24,379
NC,37,97,37097,18.98,371
NC,37,99,37099,3.92,379
NC,37,101,37101,18.71,373
NC,37,103,37103,2.35,379
NC,37,105,37105,11.37,379
NC,37,107,37107,15.18,379
NC,37,109,37109,9.92,371
NC,37,111,37111,8.48,379
NC,37,113,37113,5.5,379
NC,37,115,37115,2.02,379
NC,37,117,37117,89.01,379
NC,37,119,37119,2767.48,371
NC,37,121,37121,2.87,379
NC,37,123,37123,6.76,379
NC,37,125,37125,26.51,379
NC,37,127,37127,32.03,379
NC,37,129,37129,36.28,379
NC,37,131,37131,4.37,379
NC,37,133,37133,24.66,379
NC,37,135,37135,17.19,373
NC,37,137,37137,1.75,379
NC,37,139,37139,7.79,379
NC,37,141,37141,7.52,379
NC,37,143,37143,2.53,379
NC,37,145,37145,1059.22,373
NC,37,147,37147,13.58,379
NC,37,149,37149,2.72,379
NC,37,151,37151,21.56,372
NC,37,153,37153,12.33,379
NC,37,155,37155,37.77,379
NC,37,157,37157,241.32,372
NC,37,159,37159,312.1,371
NC,37,161,37161,16.14,379
NC,37,163,37163,25.4,379
NC,37,165,37165,12.45,379
NC,37,167,37167,12.61,371
NC,37,169,37169,968.33,372
NC,37,171,37171,18.71,372
NC,37,173,37173,1.56,379
NC,37,175,37175,23.93,379
NC,37,177,37177,1.08,379
NC,37,179,37179,24.07,371
NC,37,181,37181,8.86,379
NC,37,183,37183,127.82,373
NC,37,185,37185,3.31,379
NC,37,187,37187,4.14,379
NC,37,189,37189,5.86,379
NC,37,191,37191,41.92,379
NC,37,193,37193,22.36,379
NC,37,195,37195,16.11,379
NC,37,197,37197,6.44,372
NC,37,199,37199,3.07,379
ND,38,1,38001,0.13,380
ND,38,3,38003,1.96,380
ND,38,5,38005,2.72,380
ND,38,7,38007,0.63,380
ND,38,9,38009,1.69,380
ND,38,11,38011,1.03,380
ND,38,13,38013,0.69,380
ND,38,15,38015,13.3,380
ND,38,17,38017,16.24,380
ND,38,19,38019,0.76,380
ND,38,21,38021,4.28,380
ND,38,23,38023,2.02,380
ND,38,25,38025,1.29,380
ND,38,27,38027,0.86,380
ND,38,29,38029,9.33,380
ND,38,31,38031,1.36,380
ND,38,33,38033,0.87,380
ND,38,35,38035,11.19,380
ND,38,37,38037,11.36,380
ND,38,39,38039,1.66,380
ND,38,41,38041,0.13,380
ND,38,43,38043,12.44,380
ND,38,45,38045,4.05,380
ND,38,47,38047,1.57,380
ND,38,49,38049,18.64,380
ND,38,51,38051,0.47,380
ND,38,53,38053,13.0,380
ND,38,55,38055,14.36,380
ND,38,57,38057,422.36,380
ND,38,59,38059,47.37,380
ND,38,61,38061,1.07,380
ND,38,63,38063,0.77,380
ND,38,65,38065,442.04,380
ND,38,67,38067,1.7,380
ND,38,69,38069,0.82,380
ND,38,71,38071,0.46,380
ND,38,73,38073,11.54,380
ND,38,75,38075,0.12,380
ND,38,77,38077,6.43,380
ND,38,79,38079,1.74,380
ND,38,81,38081,3.92,380
ND,38,83,38083,0.22,380
ND,38,85,38085,0.29,380
ND,38,87,38087,0.58,380
ND,38,89,38089,1.84,380
ND,38,91,38091,0.82,380
ND,38,93,38093,9.38,380
ND,38,95,38095,0.3,380
ND,38,97,38097,1.34,380
ND,38,99,38099,2.12,380
ND,38,101,38101,8.41,380
ND,38,103,38103,0.51,380
ND,38,105,38105,26.25,380
OH,39,1,39001,648.42,399
OH,39,3,39003,40.21,399
OH,39,5,39005,6.84,399
OH,39,7,39007,284.81,392
OH,39,9,39009,7.82,399
OH,39,11,39011,15.82,399
OH,39,13,39013,256.61,399
OH,39,15,39015,5.41,391
OH,39,17,39017,147.37,391
OH,39,19,39019,3.49,399
OH,39,21,39021,8.52,394
OH,39,23,39023,24.2,394
OH,39,25,39025,652.05,391
OH,39,27,39027,1.96,391
OH,39,29,39029,15.76,399
OH,39,31,39031,330.07,399
OH,39,33,39033,4.88,399
OH,39,35,39035,518.1,392
OH,39,37,39037,8.12,394
OH,39,39,39039,6.47,399
OH,39,41,39041,19.06,393
OH,39,43,39043,23.52,399
OH,39,45,39045,12.96,393
OH,39,47,39047,3.57,393
OH,39,49,39049,201.4,393
OH,39,51,39051,5.93,399
OH,39,53,39053,1193.26,399
OH,39,55,39055,7.14,392
OH,39,57,39057,13.82,394
OH,39,59,39059,5.35,399
OH,39,61,39061,422.63,391
OH,39,63,39063,21.16,399
OH,39,65,39065,3.66,399
OH,39,67,39067,1.25,399
OH,39,69,39069,9.07,399
OH,39,71,39071,4.61,399
OH,39,73,39073,4.6,399
OH,39,75,39075,7.2,399
OH,39,77,39077,9.52,399
OH,39,79,39079,2.2,399
OH,39,81,39081,2047.11,399
OH,39,83,39083,8.63,393
OH,39,85,39085,869.95,392
OH,39,87,39087,7.42,399
OH,39,89,39089,19.73,393
OH,39,91,39091,6.66,399
OH,39,93,39093,426.19,392
OH,39,95,39095,728.01,399
OH,39,97,39097,2.98,393
OH,39,99,39099,6.95,399
OH,39,101,39101,11.15,393
OH,39,103,39103,16.44,392
OH,39,105,39105,6.28,399
OH,39,107,39107,8.69,399
OH,39,109,39109,15.62,394
OH,39,111,39111,10.39,399
OH,39,113,39113,256.52,394
OH,39,115,39115,4.54,399
OH,39,117,39117,2.59,393
OH,39,119,39119,21.09,399
OH,39,121,39121,1.45,399
OH,39,123,39123,52.48,399
OH,39,125,39125,3.84,399
OH,39,127,39127,3.21,399
OH,39,129,39129,79.17,393
OH,39,131,39131,4.56,399
OH,39,133,39133,17.54,392
OH,39,135,39135,4.86,399
OH,39,137,39137,4.99,399
OH,39,139,39139,19.27,399
OH,39,141,39141,41.33,393
OH,39,143,39143,16.41,399
OH,39,145,39145,17.81,399
OH,39,147,39147,5.57,399
OH,39,149,39149,7.06,399
OH,39,151,39151,51.57,399
OH,39,153,39153,72.57,392
OH,39,155,39155,212.34,399
OH,39,157,39157,30.17,399
OH,39,159,39159,6.74,393
OH,39,161,39161,5.6,399
OH,39,163,39163,0.91,399
OH,39,165,39165,19.57,391
OH,39,167,39167,998.33,399
OH,39,169,39169,14.87,399
OH,39,171,39171,4.98,399
OH,39,173,39173,10.52,399
OH,39,175,39175,5.98,399
OK,40,1,40001,9.2,409
OK,40,3,40003,8.18,409
OK,40,5,40005,75.58,409
OK,40,7,40007,44.38,409
OK,40,9,40009,9.89,409
OK,40,11,40011,9.47,409
OK,40,13,40013,17.88,409
OK,40,15,40015,63.1,409
OK,40,17,40017,13.35,401
OK,40,19,40019,180.16,409
OK,40,21,40021,11.06,409
OK,40,23,40023,14.92,409
OK,40,25,40025,81.38,409
OK,40,27,40027,27.4,401
OK,40,29,40029,5.8,409
OK,40,31,40031,20.23,409
OK,40,33,40033,3.08,409
OK,40,35,40035,3.07,409
OK,40,37,40037,23.39,402
OK,40,39,40039,10.15,409
OK,40,41,40041,6.45,409
OK,40,43,40043,7.28,409
OK,40,45,40045,46.31,409
OK,40,47,40047,5.73,409
OK,40,49,40049,14.41,409
OK,40,51,40051,23.04,401
OK,40,53,40053,4.04,409
OK,40,55,40055,7.14,409
OK,40,57,40057,20.61,409
OK,40,59,40059,14.72,409
OK,40,61,40061,4.72,409
OK,40,63,40063,8.81,409
OK,40,65,40065,104.57,409
OK,40,67,40067,8.68,409
OK,40,69,40069,11.46,409
OK,40,71,40071,29.15,409
OK,40,73,40073,15.68,409
OK,40,75,40075,13.1,409
OK,40,77,40077,2.29,409
OK,40,79,40079,18.1,409
OK,40,81,40081,12.43,401
OK,40,83,40083,9.51,401
OK,40,85,40085,2.93,409
OK,40,87,40087,5.82,401
OK,40,89,40089,10.86,409
OK,40,91,40091,5.31,409
OK,40,93,40093,17.15,409
OK,40,95,40095,4.48,409
OK,40,97,40097,96.8,409
OK,40,99,40099,19.05,409
OK,40,101,40101,110.05,409
OK,40,103,40103,4.62,409
OK,40,105,40105,5.57,409
OK,40,107,40107,4.33,409
OK,40,109,40109,90.0,401
OK,40,111,40111,11.62,402
OK,40,113,40113,18.82,402
OK,40,115,40115,5.81,409
OK,40,117,40117,16.05,402
OK,40,119,40119,7.61,409
OK,40,121,40121,11.43,409
OK,40,123,40123,18.94,409
OK,40,125,40125,15.56,401
OK,40,127,40127,2.95,409
OK,40,129,40129,8.27,409
OK,40,131,40131,78.87,402
OK,40,133,40133,24.27,409
OK,40,135,40135,15.95,409
OK,40,137,40137,13.53,409
OK,40,139,40139,278.98,409
OK,40,141,40141,9.56,409
OK,40,143,40143,22.68,402
OK,40,145,40145,20.07,402
OK,40,147,40147,3.09,402
OK,40,149,40149,11.95,409
OK,40,151,40151,6.45,409
OK,40,153,40153,17.18,409
OR,41,1,41001,,419
OR,41,3,41003,,419
OR,41,5,41005,,411
OR,41,7,41007,,419
OR,41,9,41009,,411
OR,41,11,41011,,419
OR,41,13,41013,,419
OR,41,15,41015,,419
OR,41,17,41017,,419
OR,41,19,41019,,419
OR,41,21,41021,,419
OR,41,23,41023,,419
OR,41,25,41025,,419
OR,41,27,41027,,419
OR,41,29,41029,,419
OR,41,31,41031,,419
OR,41,33,41033,,419
OR,41,35,41035,,419
OR,41,37,41037,,419
OR,41,39,41039,,419
OR,41,41,41041,,419
OR,41,43,41043,,419
OR,41,45,41045,,419
OR,41,47,41047,,419
OR,41,49,41049,,419
OR,41,51,41051,,411
OR,41,53,41053,,419
OR,41,55,41055,,419
OR,41,57,41057,,419
OR,41,59,41059,,419
OR,41,61,41061,,419
OR,41,63,41063,,419
OR,41,65,41065,,419
OR,41,67,41067,,411
OR,41,69,41069,,419
OR,41,71,41071,,411
PA,42,1,42001,,429
PA,42,3,42003,,422
PA,42,5,42005,,422
PA,42,7,42007,,422
PA,42,9,42009,,429
PA,42,11,42011,,421
PA,42,13,42013,,429
PA,42,15,42015,,429
PA,42,17,42017,,421
PA,42,19,42019,,422
PA,42,21,42021,,429
PA,42,23,42023,,429
PA,42,25,42025,,429
PA,42,27,42027,,429
PA,42,29,42029,,421
PA,42,31,42031,,429
PA,42,33,42033,,429
PA,42,35,42035,,429
PA,42,37,42037,,429
PA,42,39,42039,,429
PA,42,41,42041,,429
PA,42,43,42043,,429
PA,42,45,42045,,421
PA,42,47,42047,,429
PA,42,49,42049,,429
PA,42,51,42051,,422
PA,42,53,42053,,429
PA,42,55,42055,,429
PA,42,57,42057,,429
PA,42,59,42059,,429
PA,42,61,42061,,429
PA,42,63,42063,,429
PA,42,65,42065,,429
PA,42,67,42067,,429
PA,42,69,42069,,429
PA,42,71,42071,,429
PA,42,73,42073,,422
PA,42,75,42075,,429
PA,42,77,42077,,429
PA,42,79,42079,,429
PA,42,81,42081,,429
PA,42,83,42083,,429
PA,42,85,42085,,429
PA,42,87,42087,,429
PA,42,89,42089,,429
PA,42,91,42091,,421
PA,42,93,42093,,429
PA,42,95,42095,,429
PA,42,97,42097,,429
PA,42,99,42099,,429
PA,42,101,42101,,421
PA,42,103,42103,,429
PA,42,105,42105,,429
PA,42,107,42107,,429
PA,42,109,42109,,429
PA,42,111,42111,,429
PA,42,113,42113,,429
PA,42,115,42115,,429
PA,42,117,42117,,429
PA,42,119,42119,,429
PA,42,121,42121,,429
PA,42,123,42123,,429
PA,42,125,42125,,422
PA,42,127,42127,,429
PA,42,129,42129,,422
PA,42,131,42131,,429
PA,42,133,42133,,429
RI,44,1,44001,3.39,441
RI,44,3,44003,3.2,441
RI,44,5,44005,9.94,441
RI,44,7,44007,394.94,441
RI,44,9,44009,17.36,441
SC,45,1,45001,5.45,459
SC,45,3,45003,258.11,459
SC,45,5,45005,18.03,459
SC,45,7,45007,122.92,452
SC,45,9,45009,13.3,459
SC,45,11,45011,16.72,459
SC,45,13,45013,29.53,459
SC,45,15,45015,649.33,451
SC,45,17,45017,108.15,459
SC,45,19,45019,14.0,451
SC,45,21,45021,15.85,452
SC,45,23,45023,6.41,459
SC,45,25,45025,10.36,459
SC,45,27,45027,13.13,459
SC,45,29,45029,8.07,459
SC,45,31,45031,829.05,459
SC,45,33,45033,6.14,459
SC,45,35,45035,58.33,451
SC,45,37,45037,13.77,459
SC,45,39,45039,673.98,459
SC,45,41,45041,57.86,459
SC,45,43,45043,54.62,459
SC,45,45,45045,56.29,452
SC,45,47,45047,16.2,459
SC,45,49,45049,19.46,459
SC,45,51,45051,157.18,459
SC,45,53,45053,4.46,459
SC,45,55,45055,21.84,459
SC,45,57,45057,26.52,459
SC,45,59,45059,8.27,452
SC,45,61,45061,8.94,459
SC,45,63,45063,268.48,459
SC,45,65,45065,3.09,459
SC,45,67,45067,14.61,459
SC,45,69,45069,15.76,459
SC,45,71,45071,8.0,459
SC,45,73,45073,2576.44,452
SC,45,75,45075,72.83,459
SC,45,77,45077,33.52,452
SC,45,79,45079,539.52,459
SC,45,81,45081,7.88,459
SC,45,83,45083,60.96,452
SC,45,85,45085,32.43,459
SC,45,87,45087,8.45,452
SC,45,89,45089,8.81,459
SC,45,91,45091,217.32,459
SD,46,3,46003,0.58,460
SD,46,5,46005,12.48,460
SD,46,7,46007,8.87,460
SD,46,9,46009,5.68,460
SD,46,11,46011,14.94,460
SD,46,13,46013,5.0,460
SD,46,15,46015,2.88,460
SD,46,17,46017,4.47,460
SD,46,19,46019,130.81,460
SD,46,21,46021,3.84,460
SD,46,23,46023,14.45,460
SD,46,25,46025,5.3,460
SD,46,27,46027,7.33,460
SD,46,29,46029,7.62,460
SD,46,31,46031,1.9,460
SD,46,33,46033,4.74,460
SD,46,35,46035,4.3,460
SD,46,37,46037,1.18,460
SD,46,39,46039,1.54,460
SD,46,41,46041,2.06,460
SD,46,43,46043,2.01,460
SD,46,45,46045,0.85,460
SD,46,47,46047,37.84,460
SD,46,49,46049,0.67,460
SD,46,51,46051,8.7,460
SD,46,53,46053,2.19,460
SD,46,55,46055,2.93,460
SD,46,57,46057,4.4,460
SD,46,59,46059,2.05,460
SD,46,61,46061,0.77,460
SD,46,63,46063,1.43,460
SD,46,65,46065,23.12,460
SD,46,67,46067,3.17,460
SD,46,69,46069,0.87,460
SD,46,71,46071,1.02,460
SD,46,73,46073,1.78,460
SD,46,75,46075,0.88,460
SD,46,77,46077,3.35,460
SD,46,79,46079,2.28,460
SD,46,81,46081,8.46,460
SD,46,83,46083,3.24,460
SD,46,85,46085,2.59,460
SD,46,87,46087,1.45,460
SD,46,89,46089,1.73,460
SD,46,91,46091,1.34,460
SD,46,93,46093,6.44,460
SD,46,95,46095,1.05,460
SD,46,97,46097,0.51,460
SD,46,99,46099,20.88,460
SD,46,101,46101,4.06,460
SD,46,103,46103,20.15,460
SD,46,105,46105,1.42,460
SD,46,107,46107,2.98,460
SD,46,109,46109,3.45,460
SD,46,111,46111,0.81,460
SD,46,113,46113,1.22,460
SD,46,115,46115,17.03,460
SD,46,117,46117,1.0,460
SD,46,119,46119,11.6,460
SD,46,121,46121,9.42,460
SD,46,123,46123,5.66,460
SD,46,125,46125,18.96,460
SD,46,127,46127,21.98,460
SD,46,129,46129,6.71,460
SD,46,135,46135,12.96,460
SD,46,137,46137,0.57,460
TN,47,1,47001,,479
TN,47,3,47003,,479
TN,47,5,47005,,479
TN,47,7,47007,,479
TN,47,9,47009,,479
TN,47,11,47011,,479
TN,47,13,47013,,479
TN,47,15,47015,,472
TN,47,17,47017,,479
TN,47,19,47019,,479
TN,47,21,47021,,472
TN,47,23,47023,,479
TN,47,25,47025,,479
TN,47,27,47027,,479
TN,47,29,47029,,479
TN,47,31,47031,,479
TN,47,33,47033,,479
TN,47,35,47035,,479
TN,47,37,47037,,472
TN,47,39,47039,,479
TN,47,41,47041,,479
TN,47,43,47043,,472
TN,47,45,47045,,479
TN,47,47,47047,,471
TN,47,49,47049,,479
TN,47,51,47051,,479
TN,47,53,47053,,479
TN,47,55,47055,,479
TN,47,57,47057,,479
TN,47,59,47059,,479
TN,47,61,47061,,479
TN,47,63,47063,,479
TN,47,65,47065,,479
TN,47,67,47067,,479
TN,47,69,47069,,479
TN,47,71,47071,,479
TN,47,73,47073,,479
TN,47,75,47075,,479
TN,47,77,47077,,479
TN,47,79,47079,,479
TN,47,81,47081,,472
TN,47,83,47083,,479
TN,47,85,47085,,479
TN,47,87,47087,,479
TN,47,89,47089,,479
TN,47,91,47091,,479
TN,47,93,47093,,479
TN,47,95,47095,,479
TN,47,97,47097,,479
TN,47,99,47099,,479
TN,47,101,47101,,479
TN,47,103,47103,,479
TN,47,105,47105,,479
TN,47,107,47107,,479
TN,47,109,47109,,479
TN,47,111,47111,,472
TN,47,113,47113,,479
TN,47,115,47115,,479
TN,47,117,47117,,479
TN,47,119,47119,,472
TN,47,121,47121,,479
TN,47,123,47123,,479
TN,47,125,47125,,479
TN,47,127,47127,,479
TN,47,129,47129,,479
TN,47,131,47131,,479
TN,47,133,47133,,479
TN,47,135,47135,,479
TN,47,137,47137,,479
TN,47,139,47139,,479
TN,47,141,47141,,479
TN,47,143,47143,,479
TN,47,145,47145,,479
TN,47,147,47147,,472
TN,47,149,47149,,472
TN,47,151,47151,,479
TN,47,153,47153,,479
TN,47,155,47155,,479
TN,47,157,47157,,471
TN,47,159,47159,,472
TN,47,161,47161,,479
TN,47,163,47163,,479
TN,47,165,47165,,472
TN,47,167,47167,,471
TN,47,169,47169,,472
TN,47,171,47171,,479
TN,47,173,47173,,479
TN,47,175,47175,,479
TN,47,177,47177,,479
TN,47,179,47179,,479
TN,47,181,47181,,479
TN,47,183,47183,,479
TN,47,185,47185,,479
TN,47,187,47187,,472
TN,47,189,47189,,472
TX,48,1,48001,,489
TX,48,3,48003,,489
TX,48,5,48005,,489
TX,48,7,48007,,483
TX,48,9,48009,,489
TX,48,11,48011,,489
TX,48,13,48013,,488
TX,48,15,48015,,486
TX,48,17,48017,,489
TX,48,19,48019,,488
TX,48,21,48021,,481
TX,48,23,48023,,489
TX,48,25,48025,,489
TX,48,27,48027,,489
TX,48,29,48029,,488
TX,48,31,48031,,489
TX,48,33,48033,,489
TX,48,35,48035,,489
TX,48,37,48037,,489
TX,48,39,48039,,486
TX,48,41,48041,,489
TX,48,43,48043,,489
TX,48,45,48045,,489
TX,48,47,48047,,489
TX,48,49,48049,,489
TX,48,51,48051,,489
TX,48,53,48053,,489
TX,48,55,48055,,481
TX,48,57,48057,,489
TX,48,59,48059,,489
TX,48,61,48061,,489
TX,48,63,48063,,489
TX,48,65,48065,,489
TX,48,67,48067,,489
TX,48,69,48069,,489
TX,48,71,48071,,486
TX,48,73,48073,,489
TX,48,75,48075,,489
TX,48,77,48077,,489
TX,48,79,48079,,489
TX,48,81,48081,,489
TX,48,83,48083,,489
TX,48,85,48085,,484
TX,48,87,48087,,489
TX,48,89,48089,,489
TX,48,91,48091,,488
TX,48,93,48093,,489
TX,48,95,48095,,489
TX,48,97,48097,,484
TX,48,99,48099,,489
TX,48,101,48101,,489
TX,48,103,48103,,489
TX,48,105,48105,,489
TX,48,107,48107,,489
TX,48,109,48109,,489
TX,48,111,48111,,489
TX,48,113,48113,,484
TX,48,115,48115,,489
TX,48,117,48117,,489
TX,48,119,48119,,484
TX,48,121,48121,,484
TX,48,123,48123,,489
TX,48,125,48125,,489
TX,48,127,48127,,489
TX,48,129,48129,,489
TX,48,131,48131,,489
TX,48,133,48133,,489
TX,48,135,48135,,489
TX,48,137,48137,,489
TX,48,139,48139,,484
TX,48,141,48141,,485
TX,48,143,48143,,489
TX,48,145,48145,,489
TX,48,147,48147,,484
TX,48,149,48149,,489
TX,48,151,48151,,489
TX,48,153,48153,,489
TX,48,155,48155,,489
TX,48,157,48157,,486
TX,48,159,48159,,489
TX,48,161,48161,,489
TX,48,163,48163,,489
TX,48,165,48165,,489
TX,48,167,48167,,486
TX,48,169,48169,,489
TX,48,171,48171,,489
TX,48,173,48173,,489
TX,48,175,48175,,489
TX,48,177,48177,,489
TX,48,179,48179,,489
TX,48,181,48181,,484
TX,48,183,48183,,489
TX,48,185,48185,,489
TX,48,187,48187,,488
TX,48,189,48189,,489
TX,48,191,48191,,489
TX,48,193,48193,,489
TX,48,195,48195,,489
TX,48,197,48197,,489
TX,48,199,48199,,482
TX,48,201,48201,,486
TX,48,203,48203,,489
TX,48,205,48205,,489
TX,48,207,48207,,489
TX,48,209,48209,,481
TX,48,211,48211,,489
TX,48,213,48213,,484
TX,48,215,48215,,489
TX,48,217,48217,,489
TX,48,219,48219,,489
TX,48,221,48221,,484
TX,48,223,48223,,489
TX,48,225,48225,,489
TX,48,227,48227,,489
TX,48,229,48229,,489
TX,48,231,48231,,484
TX,48,233,48233,,489
TX,48,235,48235,,489
TX,48,237,48237,,489
TX,48,239,48239,,489
TX,48,241,48241,,489
TX,48,243,48243,,489
TX,48,245,48245,,482
TX,48,247,48247,,489
TX,48,249,48249,,489
TX,48,251,48251,,484
TX,48,253,48253,,489
TX,48,255,48255,,489
TX,48,257,48257,,484
TX,48,259,48259,,488
TX,48,261,48261,,483
TX,48,263,48263,,489
TX,48,265,48265,,489
TX,48,267,48267,,489
TX,48,269,48269,,489
TX,48,271,48271,,489
TX,48,273,48273,,483
TX,48,275,48275,,489
TX,48,277,48277,,489
TX,48,279,48279,,489
TX,48,281,48281,,489
TX,48,283,48283,,489
TX,48,285,48285,,489
TX,48,287,48287,,489
TX,48,289,48289,,489
TX,48,291,48291,,486
TX,48,293,48293,,489
TX,48,295,48295,,489
TX,48,297,48297,,489
TX,48,299,48299,,489
TX,48,301,48301,,489
TX,48,303,48303,,489
TX,48,305,48305,,489
TX,48,307,48307,,489
TX,48,309,48309,,489
TX,48,311,48311,,489
TX,48,313,48313,,489
TX,48,315,48315,,489
TX,48,317,48317,,489
TX,48,319,48319,,489
TX,48,321,48321,,486
TX,48,323,48323,,489
TX,48,325,48325,,488
TX,48,327,48327,,489
TX,48,329,48329,,489
TX,48,331,48331,,489
TX,48,333,48333,,489
TX,48,335,48335,,489
TX,48,337,48337,,489
TX,48,339,48339,,486
TX,48,341,48341,,489
TX,48,343,48343,,489
TX,48,345,48345,,489
TX,48,347,48347,,489
TX,48,349,48349,,489
TX,48,351,48351,,489
TX,48,353,48353,,489
TX,48,355,48355,,483
TX,48,357,48357,,489
TX,48,359,48359,,489
TX,48,361,48361,,482
TX,48,363,48363,,484
TX,48,365,48365,,489
TX,48,367,48367,,484
TX,48,369,48369,,489
TX,48,371,48371,,489
TX,48,373,48373,,489
TX,48,375,48375,,489
TX,48,377,48377,,489
TX,48,379,48379,,489
TX,48,381,48381,,489
TX,48,383,48383,,489
TX,48,385,48385,,489
TX,48,387,48387,,489
TX,48,389,48389,,489
TX,48,391,48391,,489
TX,48,393,48393,,489
TX,48,395,48395,,489
TX,48,397,48397,,484
TX,48,399,48399,,489
TX,48,401,48401,,489
TX,48,403,48403,,489
TX,48,405,48405,,489
TX,48,407,48407,,486
TX,48,409,48409,,483
TX,48,411,48411,,489
TX,48,413,48413,,489
TX,48,415,48415,,489
TX,48,417,48417,,489
TX,48,419,48419,,489
TX,48,421,48421,,489
TX,48,423,48423,,489
TX,48,425,48425,,484
TX,48,427,48427,,489
TX,48,429,48429,,489
TX,48,431,48431,,489
TX,48,433,48433,,489
TX,48,435,48435,,489
TX,48,437,48437,,489
TX,48,439,48439,,484
TX,48,441,48441,,489
TX,48,443,48443,,489
TX,48,445,48445,,489
TX,48,447,48447,,489
TX,48,449,48449,,489
TX,48,451,48451,,489
TX,48,453,48453,,481
TX,48,455,48455,,489
TX,48,457,48457,,489
TX,48,459,48459,,489
TX,48,461,48461,,489
TX,48,463,48463,,489
TX,48,465,48465,,489
TX,48,467,48467,,489
TX,48,469,48469,,489
TX,48,471,48471,,486
TX,48,473,48473,,486
TX,48,475,48475,,489
TX,48,477,48477,,489
TX,48,479,48479,,487
TX,48,481,48481,,489
TX,48,483,48483,,489
TX,48,485,48485,,489
TX,48,487,48487,,489
TX,48,489,48489,,489
TX,48,491,48491,,481
TX,48,493,48493,,488
TX,48,495,48495,,489
TX,48,497,48497,,484
TX,48,499,48499,,489
TX,48,501,48501,,489
TX,48,503,48503,,489
TX,48,505,48505,,489
TX,48,507,48507,,489
UT,49,1,49001,,499
UT,49,3,49003,,491
UT,49,5,49005,,499
UT,49,7,49007,,499
UT,49,9,49009,,499
UT,49,11,49011,,491
UT,49,13,49013,,499
UT,49,15,49015,,499
UT,49,17,49017,,499
UT,49,19,49019,,499
UT,49,21,49021,,499
UT,49,23,49023,,499
UT,49,25,49025,,499
UT,49,27,49027,,499
UT,49,29,49029,,491
UT,49,31,49031,,499
UT,49,33,49033,,499
UT,49,35,49035,,491
UT,49,37,49037,,499
UT,49,39,49039,,499
UT,49,41,49041,,499
UT,49,43,49043,,491
UT,49,45,49045,,491
UT,49,47,49047,,499
UT,49,49,49049,,499
UT,49,51,49051,,491
UT,49,53,49053,,499
UT,49,55,49055,,499
UT,49,57,49057,,491
VT,50,1,50001,4.44,500
VT,50,3,50003,5.63,500
VT,50,5,50005,4.32,500
VT,50,7,50007,27.74,500
VT,50,9,50009,2.47,500
VT,50,11,50011,5.88,500
VT,50,13,50013,0.79,500
VT,50,15,50015,2.58,500
VT,50,17,50017,2.96,500
VT,50,19,50019,3.24,500
VT,50,21,50021,8.72,500
VT,50,23,50023,8.54,500
VT,50,25,50025,362.33,500
VT,50,27,50027,7.54,500
VA,51,1,51001,8.87,519
VA,51,3,51003,15.49,519
VA,51,5,51005,64.15,519
VA,51,7,51007,1.79,511
VA,51,9,51009,20.09,519
VA,51,11,51011,0.99,519
VA,51,13,51013,0.44,513
VA,51,15,51015,14.23,519
VA,51,17,51017,0.49,519
VA,51,19,51019,5.54,519
VA,51,21,51021,0.4,519
VA,51,23,51023,16.47,519
VA,51,25,51025,20.7,519
VA,51,27,51027,1.51,519
VA,51,29,51029,1.22,519
VA,51,31,51031,8.97,519
VA,51,33,51033,4.28,511
VA,51,35,51035,2.22,519
VA,51,36,51036,0.79,511
VA,51,37,51037,1.27,519
VA,51,41,51041,997.42,511
VA,51,43,51043,1.09,513
VA,51,45,51045,0.29,519
VA,51,47,51047,3.35,513
VA,51,49,51049,0.74,511
VA,51,51,51051,3.72,519
VA,51,53,51053,1.96,511
VA,51,57,51057,1.19,519
VA,51,59,51059,79.3,513
VA,51,61,51061,4.95,513
VA,51,63,51063,0.97,519
VA,51,65,51065,137.27,519
VA,51,67,51067,3.99,519
VA,51,69,51069,4.57,513
VA,51,71,51071,329.18,519
VA,51,73,51073,3.05,512
VA,51,75,51075,0.59,511
VA,51,77,51077,1.33,519
VA,51,79,51079,0.7,519
VA,51,81,51081,1.6,519
VA,51,83,51083,16.53,519
VA,51,85,51085,6.97,511
VA,51,87,51087,4.72,511
VA,51,89,51089,20.44,519
VA,51,91,51091,4.81,519
VA,51,93,51093,39.07,512
VA,51,95,51095,11.88,512
VA,51,97,51097,0.63,511
VA,51,99,51099,3.04,519
VA,51,101,51101,21.31,511
VA,51,103,51103,0.87,519
VA,51,105,51105,1.24,519
VA,51,107,51107,23.05,513
VA,51,109,51109,2128.54,511
VA,51,111,51111,1.07,519
VA,51,113,51113,0.82,519
VA,51,115,51115,0.66,512
VA,51,117,51117,10.22,519
VA,51,119,51119,0.85,519
VA,51,121,51121,21.84,519
VA,51,125,51125,0.89,519
VA,51,127,51127,28.8,511
VA,51,131,51131,3.23,519
VA,51,133,51133,0.75,519
VA,51,135,51135,1.13,519
VA,51,137,51137,1.38,519
VA,51,139,51139,3.4,519
VA,51,141,51141,1.96,519
VA,51,143,51143,10.26,519
VA,51,145,51145,1.6,511
VA,51,147,51147,2.12,519
VA,51,149,51149,17.94,511
VA,51,153,51153,310.26,513
VA,51,155,51155,5.1,519
VA,51,157,51157,0.59,519
VA,51,159,51159,0.46,519
VA,51,161,51161,14.11,519
VA,51,163,51163,5.94,519
VA,51,165,51165,30.67,519
VA,51,167,51167,17.97,519
VA,51,169,51169,1.87,519
VA,51,171,51171,5.59,519
VA,51,173,51173,6.52,519
VA,51,175,51175,7.8,519
VA,51,177,51177,4.58,513
VA,51,179,51179,8.17,513
VA,51,181,51181,1967.17,512
VA,51,183,51183,1.46,511
VA,51,185,51185,2.45,519
VA,51,187,51187,10.85,513
VA,51,191,51191,10.17,519
VA,51,193,51193,1.86,519
VA,51,195,51195,5.93,519
VA,51,197,51197,3.5,519
VA,51,199,51199,937.77,512
VA,51,510,51510,360.37,513
VA,51,515,51515,0.0,519
VA,51,520,51520,0.0,519
VA,51,530,51530,0.0,519
VA,51,540,51540,0.0,519
VA,51,550,51550,538.82,512
VA,51,560,51560,0.0,
VA,51,570,51570,0.04,511
VA,51,580,51580,2.38,519
VA,51,590,51590,15.37,519
VA,51,595,51595,1.38,519
VA,51,600,51600,0.0,513
VA,51,610,51610,0.0,513
VA,51,620,51620,1.11,519
VA,51,630,51630,0.98,513
VA,51,640,51640,2.16,519
VA,51,650,51650,1.17,512
VA,51,660,51660,0.41,519
VA,51,670,51670,153.51,511
VA,51,678,51678,0.0,519
VA,51,680,51680,0.49,519
VA,51,683,51683,2.65,513
VA,51,685,51685,0.45,513
VA,51,690,51690,0.0,519
VA,51,700,51700,39.5,512
VA,51,710,51710,2.64,512
VA,51,720,51720,1.09,519
VA,51,730,51730,0.0,511
VA,51,735,51735,0.0,512
VA,51,740,51740,1.63,512
VA,51,750,51750,2.84,519
VA,51,760,51760,89.16,511
VA,51,770,51770,0.36,519
VA,51,775,51775,2.7,519
VA,51,790,51790,0.0,519
VA,51,800,51800,80.85,512
VA,51,810,51810,3.6,512
VA,51,820,51820,7.53,519
VA,51,830,51830,0.08,512
VA,51,840,51840,0.19,513
WA,53,1,53001,197.23,539
WA,53,3,53003,5.23,539
WA,53,5,53005,780.05,539
WA,53,7,53007,79.83,539
WA,53,9,53009,15.91,539
WA,53,11,53011,183.04,539
WA,53,13,53013,5.35,539
WA,53,15,53015,169.8,539
WA,53,17,53017,33.11,539
WA,53,19,53019,6.03,539
WA,53,21,53021,457.11,539
WA,53,23,53023,1.04,539
WA,53,25,53025,962.89,539
WA,53,27,53027,25.76,539
WA,53,29,53029,9.3,531
WA,53,31,53031,11.7,539
WA,53,33,53033,360.48,531
WA,53,35,53035,29.58,531
WA,53,37,53037,208.97,539
WA,53,39,53039,34.08,539
WA,53,41,53041,24.85,539
WA,53,43,53043,39.08,539
WA,53,45,53045,16.64,531
WA,53,47,53047,87.65,539
WA,53,49,53049,8.54,539
WA,53,51,53051,3.08,539
WA,53,53,53053,227.17,531
WA,53,55,53055,2.35,539
WA,53,57,53057,44.06,531
WA,53,59,53059,13.36,539
WA,53,61,53061,144.48,531
WA,53,63,53063,176.22,539
WA,53,65,53065,25.23,539
WA,53,67,53067,44.89,531
WA,53,69,53069,0.72,539
WA,53,71,53071,154.04,539
WA,53,73,53073,88.09,539
WA,53,75,53075,9.15,539
WA,53,77,53077,626.55,539
WV,54,1,54001,,540
WV,54,3,54003,,540
WV,54,5,54005,,540
WV,54,7,54007,,540
WV,54,9,54009,,540
WV,54,11,54011,,540
WV,54,13,54013,,540
WV,54,15,54015,,540
WV,54,17,54017,,540
WV,54,19,54019,,540
WV,54,21,54021,,540
WV,54,23,54023,,540
WV,54,25,54025,,540
WV,54,27,54027,,540
WV,54,29,54029,,540
WV,54,31,54031,,540
WV,54,33,54033,,540
WV,54,35,54035,,540
WV,54,37,54037,,540
WV,54,39,54039,,540
WV,54,41,54041,,540
WV,54,43,54043,,540
WV,54,45,54045,,540
WV,54,47,54047,,540
WV,54,49,54049,,540
WV,54,51,54051,,540
WV,54,53,54053,,540
WV,54,55,54055,,540
WV,54,57,54057,,540
WV,54,59,54059,,540
WV,54,61,54061,,540
WV,54,63,54063,,540
WV,54,65,54065,,540
WV,54,67,54067,,540
WV,54,69,54069,,540
WV,54,71,54071,,540
WV,54,73,54073,,540
WV,54,75,54075,,540
WV,54,77,54077,,540
WV,54,79,54079,,540
WV,54,81,54081,,540
WV,54,83,54083,,540
WV,54,85,54085,,540
WV,54,87,54087,,540
WV,54,89,54089,,540
WV,54,91,54091,,540
WV,54,93,54093,,540
WV,54,95,54095,,540
WV,54,97,54097,,540
WV,54,99,54099,,540
WV,54,101,54101,,540
WV,54,103,54103,,540
WV,54,105,54105,,540
WV,54,107,54107,,540
WV,54,109,54109,,540
WI,55,1,55001,41.64,559
WI,55,3,55003,46.84,559
WI,55,5,55005,16.49,559
WI,55,7,55007,9.42,559
WI,55,9,55009,521.82,559
WI,55,11,55011,233.53,559
WI,55,13,55013,2.84,559
WI,55,15,55015,7.7,559
WI,55,17,55017,10.99,559
WI,55,19,55019,5.34,559
WI,55,21,55021,9.99,559
WI,55,23,55023,3.48,559
WI,55,25,55025,125.41,559
WI,55,27,55027,14.25,559
WI,55,29,55029,6.85,559
WI,55,31,55031,9.12,559
WI,55,33,55033,13.55,559
WI,55,35,55035,30.59,559
WI,55,37,55037,0.53,559
WI,55,39,55039,41.39,559
WI,55,41,55041,1.85,559
WI,55,43,55043,274.88,559
WI,55,45,55045,6.22,559
WI,55,47,55047,4.42,559
WI,55,49,55049,3.79,559
WI,55,51,55051,0.94,559
WI,55,53,55053,3.01,559
WI,55,55,55055,52.22,559
WI,55,57,55057,7.4,559
WI,55,59,55059,33.94,559
WI,55,61,55061,701.83,559
WI,55,63,55063,67.16,559
WI,55,65,55065,3.06,559
WI,55,67,55067,13.94,559
WI,55,69,55069,9.93,559
WI,55,71,55071,1324.04,559
WI,55,73,55073,177.76,559
WI,55,75,55075,41.31,559
WI,55,77,55077,4.54,559
WI,55,78,55078,1.03,559
WI,55,79,55079,2057.1,551
WI,55,81,55081,6.1,559
WI,55,83,55083,5.84,559
WI,55,85,55085,32.39,559
WI,55,87,55087,71.51,559
WI,55,89,55089,128.09,551
WI,55,91,55091,1.41,559
WI,55,93,55093,4.56,559
WI,55,95,55095,10.22,559
WI,55,97,55097,83.95,559
WI,55,99,55099,9.37,559
WI,55,101,55101,39.86,551
WI,55,103,55103,2.78,559
WI,55,105,55105,162.61,559
WI,55,107,55107,3.28,559
WI,55,109,55109,8.09,559
WI,55,111,55111,13.86,559
WI,55,113,55113,2.77,559
WI,55,115,55115,5.93,559
WI,55,117,55117,512.99,559
WI,55,119,55119,2.31,559
WI,55,121,55121,6.15,559
WI,55,123,55123,206.23,559
WI,55,125,55125,8.39,559
WI,55,127,55127,15.03,559
WI,55,129,55129,4.27,559
WI,55,131,55131,16.26,551
WI,55,133,55133,37.9,551
WI,55,135,55135,11.59,559
WI,55,137,55137,31.79,559
WI,55,139,55139,73.41,559
WI,55,141,55141,132.85,559
WY,56,1,56001,343.63,560
WY,56,3,56003,411.24,560
WY,56,5,56005,114.77,560
WY,56,7,56007,320.12,560
WY,56,9,56009,398.21,560
WY,56,11,56011,78.36,560
WY,56,13,56013,432.67,560
WY,56,15,56015,400.45,560
WY,56,17,56017,104.59,560
WY,56,19,56019,123.76,560
WY,56,21,56021,217.15,560
WY,56,23,56023,196.39,560
WY,56,25,56025,226.77,560
WY,56,27,56027,62.4,560
WY,56,29,56029,390.34,560
WY,56,31,56031,275.49,560
WY,56,33,56033,226.93,560
WY,56,35,56035,241.85,560
WY,56,37,56037,170.73,560
WY,56,39,56039,45.88,560
WY,56,41,56041,188.86,560
WY,56,43,56043,170.16,560
WY,56,45,56045,24.81,560
PR,72,1,72001,2.27,
PR,72,3,72003,0.2,
PR,72,5,72005,19.31,
PR,72,7,72007,3.74,
PR,72,9,72009,4.26,
PR,72,11,72011,0.62,
PR,72,13,72013,18.64,
PR,72,15,72015,1.8,
PR,72,17,72017,6.67,
PR,72,19,72019,2.66,
PR,72,21,72021,0.9,
PR,72,23,72023,5.44,
PR,72,25,72025,12.31,
PR,72,27,72027,1.85,
PR,72,29,72029,5.25,
PR,72,31,72031,0.0,
PR,72,33,72033,442.45,
PR,72,35,72035,5.38,
PR,72,37,72037,0.14,
PR,72,39,72039,2.63,
PR,72,41,72041,3.65,
PR,72,43,72043,3.49,
PR,72,45,72045,1.85,
PR,72,47,72047,3.69,
PR,72,49,72049,0.0,
PR,72,51,72051,11.23,
PR,72,53,72053,6.07,
PR,72,54,72054,1.47,
PR,72,55,72055,4.05,
PR,72,57,72057,12.06,
PR,72,59,72059,685.9,
PR,72,61,72061,493.92,
PR,72,63,72063,2.34,
PR,72,65,72065,4.44,
PR,72,67,72067,0.69,
PR,72,69,72069,3.44,
PR,72,71,72071,7.54,
PR,72,73,72073,1.66,
PR,72,75,72075,5.29,
PR,72,77,72077,3.68,
PR,72,79,72079,6.36,
PR,72,81,72081,2.73,
PR,72,83,72083,1.42,
PR,72,85,72085,0.41,
PR,72,87,72087,0.0,
PR,72,89,72089,1.83,
PR,72,91,72091,9.42,
PR,72,93,72093,1.47,
PR,72,95,72095,1.12,
PR,72,97,72097,19.33,
PR,72,99,72099,3.8,
PR,72,101,72101,3.57,
PR,72,103,72103,11.85,
PR,72,105,72105,2.27,
PR,72,107,72107,2.62,
PR,72,109,72109,9.52,
PR,72,111,72111,3.84,
PR,72,113,72113,35.17,
PR,72,115,72115,28.72,
PR,72,117,72117,0.92,
PR,72,119,72119,24.76,
PR,72,121,72121,3.83,
PR,72,123,72123,598.26,
PR,72,125,72125,4.79,
PR,72,127,72127,0.03,
PR,72,129,72129,3.43,
PR,72,131,72131,3.67,
PR,72,133,72133,9.18,
PR,72,135,72135,68.7,
PR,72,137,72137,5.62,
PR,72,139,72139,99.26,
PR,72,141,72141,2.64,
PR,72,143,72143,1.32,
PR,72,145,72145,6.96,
PR,72,147,72147,0.0,
PR,72,149,72149,17.55,
PR,72,151,72151,3.36,
PR,72,153,72153,18.02,
VI,78,10,78010,,
VI,78,20,78020,,
VI,78,30,78030,,
